candidate_event_id,candidate_id,symbol,timeframe,side,setup_timestamp,entry_timestamp,entry_price,stop_price,exit_rule_id,source_analyzer_run,source_sidecar_file,rule_version,feature_snapshot_hash,eligible_reason,source_setup_id,original_setup_timestamp,reference_event_timestamp,reference_level,target_price,risk_distance,take_profit_r,expiry_bars
9a0412b2886f21f266d2bd7a,CAND_SHORT_CTX_SPIKE_GE2_ENTRY_DELAY_1,BTCUSDT,H1_H2_CONTEXT_M1_REPLAY,SHORT,2026-03-12T07:37:00+00:00,2026-03-12T07:38:00+00:00,69622.3,69640.3,FIXED_R_MULTIPLE_1.5_OR_EXPIRY_12_BARS,2026-03-12_to_2026-03-12_run_003,research/results/short_reclaim_timing_survival_diagnostic_trades_2026-05-03.csv,SPRINT03_CTX_GE2_ENTRY_DELAY_1_V1,359f0bc2533885a5944d07f72101a06a9c33cd401d96093c8948e70083e5fccc,ctx_spike_count>=2;entry_delay_1;no_future_labels,068ccb8e74566716deb0acbc,2026-03-12T07:36:00+00:00,2026-03-12T07:36:00+00:00,69640.3,69595.3,18.0,1.5,12
5df036b8a9b64683aa66bbc9,CAND_SHORT_CTX_SPIKE_GE2_ENTRY_DELAY_1,BTCUSDT,H1_H2_CONTEXT_M1_REPLAY,SHORT,2026-03-12T07:38:00+00:00,2026-03-12T07:39:00+00:00,69627.0,69640.3,FIXED_R_MULTIPLE_1.5_OR_EXPIRY_12_BARS,2026-03-12_to_2026-03-12_run_003,research/results/short_reclaim_timing_survival_diagnostic_trades_2026-05-03.csv,SPRINT03_CTX_GE2_ENTRY_DELAY_1_V1,f64eb83294e9022e6ec346c9bc58345e3585a1a9c346e05de5cac989da3fab77,ctx_spike_count>=2;entry_delay_1;no_future_labels,3f9580c3a1c914045db983cf,2026-03-12T07:37:00+00:00,2026-03-12T07:37:00+00:00,69640.3,69607.05,13.3,1.5,12
48cbe41420de132016c51e75,CAND_SHORT_CTX_SPIKE_GE2_ENTRY_DELAY_1,BTCUSDT,H1_H2_CONTEXT_M1_REPLAY,SHORT,2026-03-12T09:18:00+00:00,2026-03-12T09:19:00+00:00,69617.8,69640.3,FIXED_R_MULTIPLE_1.5_OR_EXPIRY_12_BARS,2026-03-12_to_2026-03-12_run_003,research/results/short_reclaim_timing_survival_diagnostic_trades_2026-05-03.csv,SPRINT03_CTX_GE2_ENTRY_DELAY_1_V1,091a42ae62fcb30b8113b95b527bafe9360bc0885c2f23e595a730b5e15646f2,ctx_spike_count>=2;entry_delay_1;no_future_labels,43c7f9c8a4f9f208f5cfced1,2026-03-12T09:17:00+00:00,2026-03-12T09:17:00+00:00,69640.3,69584.05,22.5,1.5,12
6f7de3e307c52901d07bd74c,CAND_SHORT_CTX_SPIKE_GE2_ENTRY_DELAY_1,BTCUSDT,H1_H2_CONTEXT_M1_REPLAY,SHORT,2026-03-12T14:39:00+00:00,2026-03-12T14:40:00+00:00,69577.2,69640.3,FIXED_R_MULTIPLE_1.5_OR_EXPIRY_12_BARS,2026-03-12_to_2026-03-12_run_003,research/results/short_reclaim_timing_survival_diagnostic_trades_2026-05-03.csv,SPRINT03_CTX_GE2_ENTRY_DELAY_1_V1,3f05989d057bca73dc9901a3ab929f7fb72c0f919ebf9292a21718c7d202d3dc,ctx_spike_count>=2;entry_delay_1;no_future_labels,03b82774a7107c4ff23f2ba1,2026-03-12T14:38:00+00:00,2026-03-12T14:38:00+00:00,69640.3,69482.55,63.1,1.5,12
28390d9f01b39201e99262b1,CAND_SHORT_CTX_SPIKE_GE2_ENTRY_DELAY_1,BTCUSDT,H1_H2_CONTEXT_M1_REPLAY,SHORT,2026-03-14T12:12:00+00:00,2026-03-14T12:13:00+00:00,70683.0,70707.0,FIXED_R_MULTIPLE_1.5_OR_EXPIRY_12_BARS,2026-03-14_to_2026-03-14_run_001,research/results/short_reclaim_timing_survival_diagnostic_trades_2026-05-03.csv,SPRINT03_CTX_GE2_ENTRY_DELAY_1_V1,d0761758b1ab9f1862e4d9bb25c1ab0297dce71aa96d91860a7aadbefcb3ddbd,ctx_spike_count>=2;entry_delay_1;no_future_labels,d768208932f92e5d0c49e072,2026-03-14T12:11:00+00:00,2026-03-14T12:11:00+00:00,70707.0,70647.0,24.0,1.5,12
75727a87fecd3773a1066fe4,CAND_SHORT_CTX_SPIKE_GE2_ENTRY_DELAY_1,BTCUSDT,H1_H2_CONTEXT_M1_REPLAY,SHORT,2026-03-14T12:18:00+00:00,2026-03-14T12:19:00+00:00,70668.0,70707.0,FIXED_R_MULTIPLE_1.5_OR_EXPIRY_12_BARS,2026-03-14_to_2026-03-14_run_001,research/results/short_reclaim_timing_survival_diagnostic_trades_2026-05-03.csv,SPRINT03_CTX_GE2_ENTRY_DELAY_1_V1,7130ce0f327679f88f4f7bd7c31ff178fd324a86ee86d94db332ed65a5e474d0,ctx_spike_count>=2;entry_delay_1;no_future_labels,18c6dd699e34256065e1bc4c,2026-03-14T12:17:00+00:00,2026-03-14T12:17:00+00:00,70707.0,70609.5,39.0,1.5,12
91d63970cdedb304b29d6ac0,CAND_SHORT_CTX_SPIKE_GE2_ENTRY_DELAY_1,BTCUSDT,H1_H2_CONTEXT_M1_REPLAY,SHORT,2026-03-14T12:29:00+00:00,2026-03-14T12:30:00+00:00,70673.4,70707.0,FIXED_R_MULTIPLE_1.5_OR_EXPIRY_12_BARS,2026-03-14_to_2026-03-14_run_001,research/results/short_reclaim_timing_survival_diagnostic_trades_2026-05-03.csv,SPRINT03_CTX_GE2_ENTRY_DELAY_1_V1,21c358e22e1bff54d2f48a9aeb2fb150edf396c6858721b8c35169aff7affbb3,ctx_spike_count>=2;entry_delay_1;no_future_labels,1dc182573874fa587836151a,2026-03-14T12:28:00+00:00,2026-03-14T12:28:00+00:00,70707.0,70623.0,33.6,1.5,12
2a3dbd5770e43369e16e9b56,CAND_SHORT_CTX_SPIKE_GE2_ENTRY_DELAY_1,BTCUSDT,H1_H2_CONTEXT_M1_REPLAY,SHORT,2026-03-14T12:34:00+00:00,2026-03-14T12:35:00+00:00,70649.5,70707.0,FIXED_R_MULTIPLE_1.5_OR_EXPIRY_12_BARS,2026-03-14_to_2026-03-14_run_001,research/results/short_reclaim_timing_survival_diagnostic_trades_2026-05-03.csv,SPRINT03_CTX_GE2_ENTRY_DELAY_1_V1,5834bd09aa8bf8919bd30a785714aac94c80c2791bcaeb925a8304804898cf90,ctx_spike_count>=2;entry_delay_1;no_future_labels,b3ab60b49829c342a9b6a3d2,2026-03-14T12:33:00+00:00,2026-03-14T12:33:00+00:00,70707.0,70563.25,57.5,1.5,12
76f4479fb7119cacf27b0f75,CAND_SHORT_CTX_SPIKE_GE2_ENTRY_DELAY_1,BTCUSDT,H1_H2_CONTEXT_M1_REPLAY,SHORT,2026-03-14T12:35:00+00:00,2026-03-14T12:36:00+00:00,70675.5,70707.0,FIXED_R_MULTIPLE_1.5_OR_EXPIRY_12_BARS,2026-03-14_to_2026-03-14_run_001,research/results/short_reclaim_timing_survival_diagnostic_trades_2026-05-03.csv,SPRINT03_CTX_GE2_ENTRY_DELAY_1_V1,fe88e53b5580a49b04a521f0f51d3c447ef1f329b4ba30db60e9832d2c5f201c,ctx_spike_count>=2;entry_delay_1;no_future_labels,9a7c218cd57b2a6f2485d4c9,2026-03-14T12:34:00+00:00,2026-03-14T12:34:00+00:00,70707.0,70628.25,31.5,1.5,12
8b255d293746e5064b587213,CAND_SHORT_CTX_SPIKE_GE2_ENTRY_DELAY_1,BTCUSDT,H1_H2_CONTEXT_M1_REPLAY,SHORT,2026-03-14T14:15:00+00:00,2026-03-14T14:16:00+00:00,70702.6,70707.0,FIXED_R_MULTIPLE_1.5_OR_EXPIRY_12_BARS,2026-03-14_to_2026-03-14_run_001,research/results/short_reclaim_timing_survival_diagnostic_trades_2026-05-03.csv,SPRINT03_CTX_GE2_ENTRY_DELAY_1_V1,f364ec50c766eb898755238470bf96798ce1646dd3ebecc897a87e0f3a762b87,ctx_spike_count>=2;entry_delay_1;no_future_labels,047e5be7b0791c1d8dd42e1f,2026-03-14T14:14:00+00:00,2026-03-14T14:14:00+00:00,70707.0,70696.0,4.4,1.5,12
a1e735a2ded29ff7abacf977,CAND_SHORT_CTX_SPIKE_GE2_ENTRY_DELAY_1,BTCUSDT,H1_H2_CONTEXT_M1_REPLAY,SHORT,2026-03-14T14:41:00+00:00,2026-03-14T14:42:00+00:00,70700.1,70707.0,FIXED_R_MULTIPLE_1.5_OR_EXPIRY_12_BARS,2026-03-14_to_2026-03-14_run_001,research/results/short_reclaim_timing_survival_diagnostic_trades_2026-05-03.csv,SPRINT03_CTX_GE2_ENTRY_DELAY_1_V1,c85696ec562f8faa08c1b441501e1f40140880494c62ecad309260994d2bddde,ctx_spike_count>=2;entry_delay_1;no_future_labels,8ee2e9de40acbc616926fb69,2026-03-14T14:40:00+00:00,2026-03-14T14:40:00+00:00,70707.0,70689.75,6.9,1.5,12
95742ca7135cc861232a391d,CAND_SHORT_CTX_SPIKE_GE2_ENTRY_DELAY_1,BTCUSDT,H1_H2_CONTEXT_M1_REPLAY,SHORT,2026-03-14T20:26:00+00:00,2026-03-14T20:27:00+00:00,70698.5,70707.9,FIXED_R_MULTIPLE_1.5_OR_EXPIRY_12_BARS,2026-03-14_to_2026-03-14_run_001,research/results/short_reclaim_timing_survival_diagnostic_trades_2026-05-03.csv,SPRINT03_CTX_GE2_ENTRY_DELAY_1_V1,c10012c06d3eb7107f72aaef21f35d7ccdff98995e5dac091aec896ba6896cae,ctx_spike_count>=2;entry_delay_1;no_future_labels,adf8665a2e1700de5097d4de,2026-03-14T20:25:00+00:00,2026-03-14T20:25:00+00:00,70707.9,70684.4,9.4,1.5,12
d9f1852a223a614741708bcc,CAND_SHORT_CTX_SPIKE_GE2_ENTRY_DELAY_1,BTCUSDT,H1_H2_CONTEXT_M1_REPLAY,SHORT,2026-03-14T20:27:00+00:00,2026-03-14T20:28:00+00:00,70705.8,70707.9,FIXED_R_MULTIPLE_1.5_OR_EXPIRY_12_BARS,2026-03-14_to_2026-03-14_run_001,research/results/short_reclaim_timing_survival_diagnostic_trades_2026-05-03.csv,SPRINT03_CTX_GE2_ENTRY_DELAY_1_V1,4837f7d9160829b49fd775df91dc031561f9e66266f34f4b1c0b6050fb63cd41,ctx_spike_count>=2;entry_delay_1;no_future_labels,b09669f4694077692d1c11e2,2026-03-14T20:26:00+00:00,2026-03-14T20:26:00+00:00,70707.9,70702.65,2.1,1.5,12
35b9da7af64f95ba94cf42d5,CAND_SHORT_CTX_SPIKE_GE2_ENTRY_DELAY_1,BTCUSDT,H1_H2_CONTEXT_M1_REPLAY,SHORT,2026-03-14T21:08:00+00:00,2026-03-14T21:09:00+00:00,70689.4,70707.9,FIXED_R_MULTIPLE_1.5_OR_EXPIRY_12_BARS,2026-03-14_to_2026-03-14_run_001,research/results/short_reclaim_timing_survival_diagnostic_trades_2026-05-03.csv,SPRINT03_CTX_GE2_ENTRY_DELAY_1_V1,be357eb82376d6c7fdd7ca3c8779442eb12d11a405d28fb58d2dc8dba5cae56d,ctx_spike_count>=2;entry_delay_1;no_future_labels,9baf13d9d6b43c648c547931,2026-03-14T21:07:00+00:00,2026-03-14T21:07:00+00:00,70707.9,70661.65,18.5,1.5,12
f1faf003c93ce8c515cb3d97,CAND_SHORT_CTX_SPIKE_GE2_ENTRY_DELAY_1,BTCUSDT,H1_H2_CONTEXT_M1_REPLAY,SHORT,2026-03-14T22:11:00+00:00,2026-03-14T22:12:00+00:00,70703.6,70707.9,FIXED_R_MULTIPLE_1.5_OR_EXPIRY_12_BARS,2026-03-14_to_2026-03-14_run_001,research/results/short_reclaim_timing_survival_diagnostic_trades_2026-05-03.csv,SPRINT03_CTX_GE2_ENTRY_DELAY_1_V1,5bc80ccc6cc9cec96c70068782adce6ac0de78afc46be03b6e68d1e00a632591,ctx_spike_count>=2;entry_delay_1;no_future_labels,eb7c53c74c4e1cd4ff7d3149,2026-03-14T22:10:00+00:00,2026-03-14T22:10:00+00:00,70707.9,70697.15,4.3,1.5,12
0441b113b94209e648b4b703,CAND_SHORT_CTX_SPIKE_GE2_ENTRY_DELAY_1,BTCUSDT,H1_H2_CONTEXT_M1_REPLAY,SHORT,2026-03-17T01:03:00+00:00,2026-03-17T01:04:00+00:00,75191.0,75214.75,FIXED_R_MULTIPLE_1.5_OR_EXPIRY_12_BARS,2026-03-17_to_2026-03-17_run_001,research/results/short_reclaim_timing_survival_diagnostic_trades_2026-05-03.csv,SPRINT03_CTX_GE2_ENTRY_DELAY_1_V1,cd2e45e5b1f66475ec01a1b8cc8bd7b23d238fb411fcde070ab1fc26902346c4,ctx_spike_count>=2;entry_delay_1;no_future_labels,b58c209dac013c54368f3c31,2026-03-17T01:02:00+00:00,2026-03-17T00:59:00+00:00,75214.75,75155.375,23.75,1.5,12
d47a9559ece66f34c4286447,CAND_SHORT_CTX_SPIKE_GE2_ENTRY_DELAY_1,BTCUSDT,H1_H2_CONTEXT_M1_REPLAY,SHORT,2026-03-18T02:05:00+00:00,2026-03-18T02:06:00+00:00,74020.1,74024.82,FIXED_R_MULTIPLE_1.5_OR_EXPIRY_12_BARS,2026-03-18_to_2026-03-18_run_001,research/results/short_reclaim_timing_survival_diagnostic_trades_2026-05-03.csv,SPRINT03_CTX_GE2_ENTRY_DELAY_1_V1,0a853ca3f8f3c79972b6d7818967593e984c1d189d699f9cc63a847cacde0e45,ctx_spike_count>=2;entry_delay_1;no_future_labels,3c6a3a4c371a34f60b9e8839,2026-03-18T02:04:00+00:00,2026-03-18T02:00:00+00:00,74024.82,74013.02,4.72,1.5,12
6b50bfecab56a519c114f6d4,CAND_SHORT_CTX_SPIKE_GE2_ENTRY_DELAY_1,BTCUSDT,H1_H2_CONTEXT_M1_REPLAY,SHORT,2026-03-19T05:06:00+00:00,2026-03-19T05:07:00+00:00,70785.2,70836.95,FIXED_R_MULTIPLE_1.5_OR_EXPIRY_12_BARS,2026-03-19_to_2026-03-19_run_001,research/results/short_reclaim_timing_survival_diagnostic_trades_2026-05-03.csv,SPRINT03_CTX_GE2_ENTRY_DELAY_1_V1,0adabb710a67c1278febace6d905d73d66ba55dc782aac0ebd2ba2f8bfb06539,ctx_spike_count>=2;entry_delay_1;no_future_labels,8d098d63305c01afaa7b175d,2026-03-19T05:05:00+00:00,2026-03-19T05:02:00+00:00,70836.95,70707.575,51.75,1.5,12
5c1d8303912933e7307248eb,CAND_SHORT_CTX_SPIKE_GE2_ENTRY_DELAY_1,BTCUSDT,H1_H2_CONTEXT_M1_REPLAY,SHORT,2026-03-19T06:36:00+00:00,2026-03-19T06:37:00+00:00,70571.6,70590.01,FIXED_R_MULTIPLE_1.5_OR_EXPIRY_12_BARS,2026-03-19_to_2026-03-19_run_001,research/results/short_reclaim_timing_survival_diagnostic_trades_2026-05-03.csv,SPRINT03_CTX_GE2_ENTRY_DELAY_1_V1,f8b90dc431b172b9ea769a7c4796dc150545787561abf09c08f7f0d06354cbc8,ctx_spike_count>=2;entry_delay_1;no_future_labels,5cdcc3254974095261b1786f,2026-03-19T06:35:00+00:00,2026-03-19T06:34:00+00:00,70590.01,70543.985,18.41,1.5,12
db010226fa36f02a3d594cb2,CAND_SHORT_CTX_SPIKE_GE2_ENTRY_DELAY_1,BTCUSDT,H1_H2_CONTEXT_M1_REPLAY,SHORT,2026-03-19T07:13:00+00:00,2026-03-19T07:14:00+00:00,70052.4,70094.55,FIXED_R_MULTIPLE_1.5_OR_EXPIRY_12_BARS,2026-03-19_to_2026-03-19_run_001,research/results/short_reclaim_timing_survival_diagnostic_trades_2026-05-03.csv,SPRINT03_CTX_GE2_ENTRY_DELAY_1_V1,034e16188a1ef6b34e3b0eb2aa1dc1483b2e63e1a780a8c72b4a6feb87ed9202,ctx_spike_count>=2;entry_delay_1;no_future_labels,aaf5f6e0dc4079c9071a125a,2026-03-19T07:12:00+00:00,2026-03-19T07:11:00+00:00,70094.55,69989.175,42.15,1.5,12
ac02261bae1416367f74dec2,CAND_SHORT_CTX_SPIKE_GE2_ENTRY_DELAY_1,BTCUSDT,H1_H2_CONTEXT_M1_REPLAY,SHORT,2026-03-19T12:09:00+00:00,2026-03-19T12:10:00+00:00,69611.3,69638.75,FIXED_R_MULTIPLE_1.5_OR_EXPIRY_12_BARS,2026-03-19_to_2026-03-19_run_001,research/results/short_reclaim_timing_survival_diagnostic_trades_2026-05-03.csv,SPRINT03_CTX_GE2_ENTRY_DELAY_1_V1,3b82415bccbc12bf78e43a40fd002f9af27bb0806321569c7affc63bdee22d24,ctx_spike_count>=2;entry_delay_1;no_future_labels,496921b2a55135a607208888,2026-03-19T12:08:00+00:00,2026-03-19T12:07:00+00:00,69638.75,69570.125,27.45,1.5,12
24b58fa314ef2c9f86f30ef8,CAND_SHORT_CTX_SPIKE_GE2_ENTRY_DELAY_1,BTCUSDT,H1_H2_CONTEXT_M1_REPLAY,SHORT,2026-03-19T17:54:00+00:00,2026-03-19T17:55:00+00:00,69799.9,69808.16,FIXED_R_MULTIPLE_1.5_OR_EXPIRY_12_BARS,2026-03-19_to_2026-03-19_run_001,research/results/short_reclaim_timing_survival_diagnostic_trades_2026-05-03.csv,SPRINT03_CTX_GE2_ENTRY_DELAY_1_V1,8717758f7c94551e295a4ac9e153f56d085e4a01bdcf7730023e9fd910142c58,ctx_spike_count>=2;entry_delay_1;no_future_labels,e994822ef27d0c3eff0add03,2026-03-19T17:53:00+00:00,2026-03-19T17:52:00+00:00,69808.16,69787.51,8.26,1.5,12
87c0054745566bf3f8439952,CAND_SHORT_CTX_SPIKE_GE2_ENTRY_DELAY_1,BTCUSDT,H1_H2_CONTEXT_M1_REPLAY,SHORT,2026-03-19T22:02:00+00:00,2026-03-19T22:03:00+00:00,70393.4,70418.65,FIXED_R_MULTIPLE_1.5_OR_EXPIRY_12_BARS,2026-03-19_to_2026-03-19_run_001,research/results/short_reclaim_timing_survival_diagnostic_trades_2026-05-03.csv,SPRINT03_CTX_GE2_ENTRY_DELAY_1_V1,6807c4eb59388dddc1c77cd587794a98db040b5632aaedf880dec0d99af8b59e,ctx_spike_count>=2;entry_delay_1;no_future_labels,a43a38d467453ae4545e2c20,2026-03-19T22:01:00+00:00,2026-03-19T22:00:00+00:00,70418.65,70355.525,25.25,1.5,12
5f9fa48a062d793f1ccb50f1,CAND_SHORT_CTX_SPIKE_GE2_ENTRY_DELAY_1,BTCUSDT,H1_H2_CONTEXT_M1_REPLAY,SHORT,2026-03-20T05:05:00+00:00,2026-03-20T05:06:00+00:00,70732.4,70768.8,FIXED_R_MULTIPLE_1.5_OR_EXPIRY_12_BARS,2026-03-20_to_2026-03-20_run_001,research/results/short_reclaim_timing_survival_diagnostic_trades_2026-05-03.csv,SPRINT03_CTX_GE2_ENTRY_DELAY_1_V1,6b56e4e7c17f4683ce57127502de9c93e924e4aac3deb5081c580c7f433f0aae,ctx_spike_count>=2;entry_delay_1;no_future_labels,19be3f198e23a3726bca591b,2026-03-20T05:04:00+00:00,2026-03-20T05:03:00+00:00,70768.8,70677.8,36.4,1.5,12
69152d353340b47ebe701f90,CAND_SHORT_CTX_SPIKE_GE2_ENTRY_DELAY_1,BTCUSDT,H1_H2_CONTEXT_M1_REPLAY,SHORT,2026-03-20T09:27:00+00:00,2026-03-20T09:28:00+00:00,70437.5,70467.0,FIXED_R_MULTIPLE_1.5_OR_EXPIRY_12_BARS,2026-03-20_to_2026-03-20_run_001,research/results/short_reclaim_timing_survival_diagnostic_trades_2026-05-03.csv,SPRINT03_CTX_GE2_ENTRY_DELAY_1_V1,f5f58db21fe25096f3e734180b48fb19bdddf03b7f7b3664e4f5b61f1d9b6a9c,ctx_spike_count>=2;entry_delay_1;no_future_labels,0b1b83309fcf5c92dcf745a8,2026-03-20T09:26:00+00:00,2026-03-20T09:25:00+00:00,70467.0,70393.25,29.5,1.5,12
5e3ccca7986912e56ea2f64c,CAND_SHORT_CTX_SPIKE_GE2_ENTRY_DELAY_1,BTCUSDT,H1_H2_CONTEXT_M1_REPLAY,SHORT,2026-03-20T10:42:00+00:00,2026-03-20T10:43:00+00:00,70516.4,70575.6,FIXED_R_MULTIPLE_1.5_OR_EXPIRY_12_BARS,2026-03-20_to_2026-03-20_run_001,research/results/short_reclaim_timing_survival_diagnostic_trades_2026-05-03.csv,SPRINT03_CTX_GE2_ENTRY_DELAY_1_V1,9cbca310c6e12ac765bb9ac97a7a62c8549a2efb07d899250710d24715fa21ad,ctx_spike_count>=2;entry_delay_1;no_future_labels,e053c112d2dac6ee356395f3,2026-03-20T10:41:00+00:00,2026-03-20T10:40:00+00:00,70575.6,70427.6,59.2,1.5,12
ab3917167f67d41edaa1b25f,CAND_SHORT_CTX_SPIKE_GE2_ENTRY_DELAY_1,BTCUSDT,H1_H2_CONTEXT_M1_REPLAY,SHORT,2026-03-20T15:25:00+00:00,2026-03-20T15:26:00+00:00,69765.4,69772.0,FIXED_R_MULTIPLE_1.5_OR_EXPIRY_12_BARS,2026-03-20_to_2026-03-20_run_001,research/results/short_reclaim_timing_survival_diagnostic_trades_2026-05-03.csv,SPRINT03_CTX_GE2_ENTRY_DELAY_1_V1,c0aa6b28f41e53f0146cc2d20d3cf546a992adc8ba7a5e4a59c145f5b4549f76,ctx_spike_count>=2;entry_delay_1;no_future_labels,63fa9c0cc8bfb0f782a9b9d8,2026-03-20T15:24:00+00:00,2026-03-20T15:23:00+00:00,69772.0,69755.5,6.6,1.5,12
07e698e41cb85d116b78b64b,CAND_SHORT_CTX_SPIKE_GE2_ENTRY_DELAY_1,BTCUSDT,H1_H2_CONTEXT_M1_REPLAY,SHORT,2026-03-20T22:06:00+00:00,2026-03-20T22:07:00+00:00,70770.8,70779.35,FIXED_R_MULTIPLE_1.5_OR_EXPIRY_12_BARS,2026-03-20_to_2026-03-20_run_001,research/results/short_reclaim_timing_survival_diagnostic_trades_2026-05-03.csv,SPRINT03_CTX_GE2_ENTRY_DELAY_1_V1,044168b1c416f547a1f6fe404dfb3a7d72ebb842b72010395b5ade8401d82525,ctx_spike_count>=2;entry_delay_1;no_future_labels,fdcbd16ddd486d610b54add0,2026-03-20T22:05:00+00:00,2026-03-20T22:04:00+00:00,70779.35,70757.975,8.55,1.5,12
c4fc761c8d4b531c4ad62027,CAND_SHORT_CTX_SPIKE_GE2_ENTRY_DELAY_1,BTCUSDT,H1_H2_CONTEXT_M1_REPLAY,SHORT,2026-03-20T22:43:00+00:00,2026-03-20T22:44:00+00:00,70650.7,70663.26,FIXED_R_MULTIPLE_1.5_OR_EXPIRY_12_BARS,2026-03-20_to_2026-03-20_run_001,research/results/short_reclaim_timing_survival_diagnostic_trades_2026-05-03.csv,SPRINT03_CTX_GE2_ENTRY_DELAY_1_V1,7fd217bf53b5d413ee870944c8cd0fa990419648f04717b438785e4681a5779b,ctx_spike_count>=2;entry_delay_1;no_future_labels,32713fff91c06d958d498dbb,2026-03-20T22:42:00+00:00,2026-03-20T22:39:00+00:00,70663.26,70631.86,12.56,1.5,12
e93ea62c8cfcf49e8c31bc86,CAND_SHORT_CTX_SPIKE_GE2_ENTRY_DELAY_1,BTCUSDT,H1_H2_CONTEXT_M1_REPLAY,SHORT,2026-03-21T01:49:00+00:00,2026-03-21T01:50:00+00:00,70495.5,70496.0,FIXED_R_MULTIPLE_1.5_OR_EXPIRY_12_BARS,2026-03-21_to_2026-03-21_run_001,research/results/short_reclaim_timing_survival_diagnostic_trades_2026-05-03.csv,SPRINT03_CTX_GE2_ENTRY_DELAY_1_V1,43ebb5d5ea774153d948377612c87d191be572f47be89256d740acb7f7b73c5b,ctx_spike_count>=2;entry_delay_1;no_future_labels,2dc7eab08269c73c70fd807f,2026-03-21T01:48:00+00:00,2026-03-21T01:46:00+00:00,70496.0,70494.75,0.5,1.5,12
b21b914455803d0f0affced6,CAND_SHORT_CTX_SPIKE_GE2_ENTRY_DELAY_1,BTCUSDT,H1_H2_CONTEXT_M1_REPLAY,SHORT,2026-03-21T04:27:00+00:00,2026-03-21T04:28:00+00:00,70738.1,70758.2,FIXED_R_MULTIPLE_1.5_OR_EXPIRY_12_BARS,2026-03-21_to_2026-03-21_run_001,research/results/short_reclaim_timing_survival_diagnostic_trades_2026-05-03.csv,SPRINT03_CTX_GE2_ENTRY_DELAY_1_V1,60ad850e1f71ae759157772433e6c818597b13371b3093ab92be6348bb208769,ctx_spike_count>=2;entry_delay_1;no_future_labels,e1c956372bb5a53d63161232,2026-03-21T04:26:00+00:00,2026-03-21T04:26:00+00:00,70758.2,70707.95,20.1,1.5,12
3dadc3217830efce795de31b,CAND_SHORT_CTX_SPIKE_GE2_ENTRY_DELAY_1,BTCUSDT,H1_H2_CONTEXT_M1_REPLAY,SHORT,2026-03-21T05:33:00+00:00,2026-03-21T05:34:00+00:00,70721.1,70749.0,FIXED_R_MULTIPLE_1.5_OR_EXPIRY_12_BARS,2026-03-21_to_2026-03-21_run_001,research/results/short_reclaim_timing_survival_diagnostic_trades_2026-05-03.csv,SPRINT03_CTX_GE2_ENTRY_DELAY_1_V1,2b1d270e75112b80c1d39d3536d8d3ffcd5afeab08808a715b89aab88ddb5857,ctx_spike_count>=2;entry_delay_1;no_future_labels,aec86c7ff486d24547f0648e,2026-03-21T05:32:00+00:00,2026-03-21T05:31:00+00:00,70749.0,70679.25,27.9,1.5,12
aa47e53af39f18a39eaa1fe6,CAND_SHORT_CTX_SPIKE_GE2_ENTRY_DELAY_1,BTCUSDT,H1_H2_CONTEXT_M1_REPLAY,SHORT,2026-03-21T07:21:00+00:00,2026-03-21T07:22:00+00:00,70759.3,70768.66,FIXED_R_MULTIPLE_1.5_OR_EXPIRY_12_BARS,2026-03-21_to_2026-03-21_run_001,research/results/short_reclaim_timing_survival_diagnostic_trades_2026-05-03.csv,SPRINT03_CTX_GE2_ENTRY_DELAY_1_V1,c9a58a2e08e048e6578a94ba08a246c0579b87edcb178b6fed2d4ee07b2dfa2f,ctx_spike_count>=2;entry_delay_1;no_future_labels,55f2fe601510055cdfa25025,2026-03-21T07:20:00+00:00,2026-03-21T07:19:00+00:00,70768.66,70745.26,9.36,1.5,12
b9a8814dfff55f03bac87216,CAND_SHORT_CTX_SPIKE_GE2_ENTRY_DELAY_1,BTCUSDT,H1_H2_CONTEXT_M1_REPLAY,SHORT,2026-03-21T10:06:00+00:00,2026-03-21T10:07:00+00:00,70569.4,70621.7,FIXED_R_MULTIPLE_1.5_OR_EXPIRY_12_BARS,2026-03-21_to_2026-03-21_run_001,research/results/short_reclaim_timing_survival_diagnostic_trades_2026-05-03.csv,SPRINT03_CTX_GE2_ENTRY_DELAY_1_V1,3c666537abb1ca724e554b9a955f66df0f959320d72eb2a8d495259499622d5d,ctx_spike_count>=2;entry_delay_1;no_future_labels,e3bf1b2fece7a2065088b00e,2026-03-21T10:05:00+00:00,2026-03-21T10:04:00+00:00,70621.7,70490.95,52.3,1.5,12
1aa802cb1dfc9a0d04f73d9c,CAND_SHORT_CTX_SPIKE_GE2_ENTRY_DELAY_1,BTCUSDT,H1_H2_CONTEXT_M1_REPLAY,SHORT,2026-03-21T11:42:00+00:00,2026-03-21T11:43:00+00:00,70575.5,70581.8,FIXED_R_MULTIPLE_1.5_OR_EXPIRY_12_BARS,2026-03-21_to_2026-03-21_run_001,research/results/short_reclaim_timing_survival_diagnostic_trades_2026-05-03.csv,SPRINT03_CTX_GE2_ENTRY_DELAY_1_V1,5fc30022702c669a3b653710ef793958b3c746438b815cdd084e4ae6254003d8,ctx_spike_count>=2;entry_delay_1;no_future_labels,c306938fa09bc2f169b6b09e,2026-03-21T11:41:00+00:00,2026-03-21T11:40:00+00:00,70581.8,70566.05,6.3,1.5,12
e1ee845ba17e71e840a19e0d,CAND_SHORT_CTX_SPIKE_GE2_ENTRY_DELAY_1,BTCUSDT,H1_H2_CONTEXT_M1_REPLAY,SHORT,2026-03-21T14:53:00+00:00,2026-03-21T14:54:00+00:00,70635.1,70736.53,FIXED_R_MULTIPLE_1.5_OR_EXPIRY_12_BARS,2026-03-21_to_2026-03-21_run_001,research/results/short_reclaim_timing_survival_diagnostic_trades_2026-05-03.csv,SPRINT03_CTX_GE2_ENTRY_DELAY_1_V1,c8a1ede4722777e28ce9b984708f0e5224c0762e4a30960d85c32398302bfa06,ctx_spike_count>=2;entry_delay_1;no_future_labels,18f46f314e5defeac8852cfb,2026-03-21T14:52:00+00:00,2026-03-21T14:49:00+00:00,70736.53,70482.955,101.43,1.5,12
107e0250e97c97cd94e24dec,CAND_SHORT_CTX_SPIKE_GE2_ENTRY_DELAY_1,BTCUSDT,H1_H2_CONTEXT_M1_REPLAY,SHORT,2026-03-21T16:18:00+00:00,2026-03-21T16:19:00+00:00,70506.0,70534.42,FIXED_R_MULTIPLE_1.5_OR_EXPIRY_12_BARS,2026-03-21_to_2026-03-21_run_001,research/results/short_reclaim_timing_survival_diagnostic_trades_2026-05-03.csv,SPRINT03_CTX_GE2_ENTRY_DELAY_1_V1,da8cd91309dc75584b457ae48a7e10eae2bfc5ff55eef1748d7ef5360a52c1dc,ctx_spike_count>=2;entry_delay_1;no_future_labels,92c3c291fdf6ff01b1055988,2026-03-21T16:17:00+00:00,2026-03-21T16:15:00+00:00,70534.42,70463.37,28.42,1.5,12
38fc0b934dac673dc2b6d4f6,CAND_SHORT_CTX_SPIKE_GE2_ENTRY_DELAY_1,BTCUSDT,H1_H2_CONTEXT_M1_REPLAY,SHORT,2026-03-21T20:02:00+00:00,2026-03-21T20:03:00+00:00,70366.6,70367.58,FIXED_R_MULTIPLE_1.5_OR_EXPIRY_12_BARS,2026-03-21_to_2026-03-21_run_001,research/results/short_reclaim_timing_survival_diagnostic_trades_2026-05-03.csv,SPRINT03_CTX_GE2_ENTRY_DELAY_1_V1,9dfcf9f34a83eb428c4ceca354ba66f40ed8a3e24cae9011a28402b3c85398a3,ctx_spike_count>=2;entry_delay_1;no_future_labels,83e6d18f23ac5c84945aee4e,2026-03-21T20:01:00+00:00,2026-03-21T20:00:00+00:00,70367.58,70365.13,0.98,1.5,12
297d7c03308dd202a7600ccb,CAND_SHORT_CTX_SPIKE_GE2_ENTRY_DELAY_1,BTCUSDT,H1_H2_CONTEXT_M1_REPLAY,SHORT,2026-03-22T15:17:00+00:00,2026-03-22T15:18:00+00:00,68901.1,68932.8,FIXED_R_MULTIPLE_1.5_OR_EXPIRY_12_BARS,2026-03-22_to_2026-03-22_run_001,research/results/short_reclaim_timing_survival_diagnostic_trades_2026-05-03.csv,SPRINT03_CTX_GE2_ENTRY_DELAY_1_V1,a09b94a2a9e16897d9d5e6efab216686770d1d135126fd00bb16f4d17fa1540e,ctx_spike_count>=2;entry_delay_1;no_future_labels,6c903c94bb5aaad6df336f03,2026-03-22T15:16:00+00:00,2026-03-22T15:16:00+00:00,68932.8,68853.55,31.7,1.5,12
eca613ff981a9b5c9e16f152,CAND_SHORT_CTX_SPIKE_GE2_ENTRY_DELAY_1,BTCUSDT,H1_H2_CONTEXT_M1_REPLAY,SHORT,2026-03-22T17:23:00+00:00,2026-03-22T17:24:00+00:00,68791.1,68795.5,FIXED_R_MULTIPLE_1.5_OR_EXPIRY_12_BARS,2026-03-22_to_2026-03-22_run_001,research/results/short_reclaim_timing_survival_diagnostic_trades_2026-05-03.csv,SPRINT03_CTX_GE2_ENTRY_DELAY_1_V1,3685b1de2ca9641c138ee01ed9d99102962f1133b0b98ae20c63e6485dde179b,ctx_spike_count>=2;entry_delay_1;no_future_labels,5dd99fc1c152052e2ce2be71,2026-03-22T17:22:00+00:00,2026-03-22T17:21:00+00:00,68795.5,68784.5,4.4,1.5,12
543ca8e3eea005a107464ba2,CAND_SHORT_CTX_SPIKE_GE2_ENTRY_DELAY_1,BTCUSDT,H1_H2_CONTEXT_M1_REPLAY,SHORT,2026-03-22T18:33:00+00:00,2026-03-22T18:34:00+00:00,68612.1,68680.28,FIXED_R_MULTIPLE_1.5_OR_EXPIRY_12_BARS,2026-03-22_to_2026-03-22_run_001,research/results/short_reclaim_timing_survival_diagnostic_trades_2026-05-03.csv,SPRINT03_CTX_GE2_ENTRY_DELAY_1_V1,15bfdcb3837d3d0e01ed0ac94f61592649eb97376dba9bdce307b95587fa6a3c,ctx_spike_count>=2;entry_delay_1;no_future_labels,43e9ee285f20da6164a930aa,2026-03-22T18:32:00+00:00,2026-03-22T18:30:00+00:00,68680.28,68509.83,68.18,1.5,12
62ebf24d28a413c286c52e7d,CAND_SHORT_CTX_SPIKE_GE2_ENTRY_DELAY_1,BTCUSDT,H1_H2_CONTEXT_M1_REPLAY,SHORT,2026-03-23T06:01:00+00:00,2026-03-23T06:02:00+00:00,68798.6,68812.45,FIXED_R_MULTIPLE_1.5_OR_EXPIRY_12_BARS,2026-03-23_to_2026-03-23_run_001,research/results/short_reclaim_timing_survival_diagnostic_trades_2026-05-03.csv,SPRINT03_CTX_GE2_ENTRY_DELAY_1_V1,9b941334a06bd634c5e137dda0703207f128618a1ef4b46c101da32957fa7637,ctx_spike_count>=2;entry_delay_1;no_future_labels,9aa16f77e7583710fbecf32c,2026-03-23T06:00:00+00:00,2026-03-23T05:56:00+00:00,68812.45,68777.825,13.85,1.5,12
12521356b3f605713be823bf,CAND_SHORT_CTX_SPIKE_GE2_ENTRY_DELAY_1,BTCUSDT,H1_H2_CONTEXT_M1_REPLAY,SHORT,2026-03-23T15:53:00+00:00,2026-03-23T15:54:00+00:00,70535.0,70573.4,FIXED_R_MULTIPLE_1.5_OR_EXPIRY_12_BARS,2026-03-23_to_2026-03-23_run_001,research/results/short_reclaim_timing_survival_diagnostic_trades_2026-05-03.csv,SPRINT03_CTX_GE2_ENTRY_DELAY_1_V1,f6dd047e45e5d71423b21de2df24b755d4b1ab30819a7d87e359277963ae9067,ctx_spike_count>=2;entry_delay_1;no_future_labels,61f20729aaf5c0fb071f2546,2026-03-23T15:52:00+00:00,2026-03-23T15:47:00+00:00,70573.4,70477.4,38.4,1.5,12
f3c9b68b14cd568e8abbef83,CAND_SHORT_CTX_SPIKE_GE2_ENTRY_DELAY_1,BTCUSDT,H1_H2_CONTEXT_M1_REPLAY,SHORT,2026-03-24T07:08:00+00:00,2026-03-24T07:09:00+00:00,70688.0,70726.4,FIXED_R_MULTIPLE_1.5_OR_EXPIRY_12_BARS,2026-03-24_to_2026-03-24_run_001,research/results/short_reclaim_timing_survival_diagnostic_trades_2026-05-03.csv,SPRINT03_CTX_GE2_ENTRY_DELAY_1_V1,9f5cb7fe99011e0ef274548280306fbb82ec57a0d4b6b63515b9e025dcb40acf,ctx_spike_count>=2;entry_delay_1;no_future_labels,a3b05ac46bd75e4c5fcbfd41,2026-03-24T07:07:00+00:00,2026-03-24T07:07:00+00:00,70726.4,70630.4,38.4,1.5,12
f15d43f6b6f2cc3948c05f51,CAND_SHORT_CTX_SPIKE_GE2_ENTRY_DELAY_1,BTCUSDT,H1_H2_CONTEXT_M1_REPLAY,SHORT,2026-03-24T23:23:00+00:00,2026-03-24T23:24:00+00:00,70573.5,70584.0,FIXED_R_MULTIPLE_1.5_OR_EXPIRY_12_BARS,2026-03-24_to_2026-03-24_run_001,research/results/short_reclaim_timing_survival_diagnostic_trades_2026-05-03.csv,SPRINT03_CTX_GE2_ENTRY_DELAY_1_V1,ddaf4e1712e18ffa7af440e9a1bafd1b8e681a17dc84fa8e15e3a206ee54cde0,ctx_spike_count>=2;entry_delay_1;no_future_labels,03b6f1774f7583d0a7f91053,2026-03-24T23:22:00+00:00,2026-03-24T23:21:00+00:00,70584.0,70557.75,10.5,1.5,12
0dd9a34c05223d84ab357da0,CAND_SHORT_CTX_SPIKE_GE2_ENTRY_DELAY_1,BTCUSDT,H1_H2_CONTEXT_M1_REPLAY,SHORT,2026-03-25T03:16:00+00:00,2026-03-25T03:17:00+00:00,70414.3,70418.85,FIXED_R_MULTIPLE_1.5_OR_EXPIRY_12_BARS,2026-03-25_to_2026-03-25_run_001,research/results/short_reclaim_timing_survival_diagnostic_trades_2026-05-03.csv,SPRINT03_CTX_GE2_ENTRY_DELAY_1_V1,b213d656a46c37e0e747d91d158c3ad4fb0e8a83be25af11fd977922135028a2,ctx_spike_count>=2;entry_delay_1;no_future_labels,861d76d8195334286322d4ce,2026-03-25T03:15:00+00:00,2026-03-25T03:13:00+00:00,70418.85,70407.475,4.55,1.5,12
e622ed46aac9d2d16b721882,CAND_SHORT_CTX_SPIKE_GE2_ENTRY_DELAY_1,BTCUSDT,H1_H2_CONTEXT_M1_REPLAY,SHORT,2026-03-25T12:23:00+00:00,2026-03-25T12:24:00+00:00,71299.9,71336.86,FIXED_R_MULTIPLE_1.5_OR_EXPIRY_12_BARS,2026-03-25_to_2026-03-25_run_001,research/results/short_reclaim_timing_survival_diagnostic_trades_2026-05-03.csv,SPRINT03_CTX_GE2_ENTRY_DELAY_1_V1,bffa572f5da6a4ba03673c16cf0c4306de0316331e781d680946b7e226b75412,ctx_spike_count>=2;entry_delay_1;no_future_labels,75a0c5bf60cfa352c30d014b,2026-03-25T12:22:00+00:00,2026-03-25T12:19:00+00:00,71336.86,71244.46,36.96,1.5,12
d03498075a8d200404b8a1b7,CAND_SHORT_CTX_SPIKE_GE2_ENTRY_DELAY_1,BTCUSDT,H1_H2_CONTEXT_M1_REPLAY,SHORT,2026-03-25T17:16:00+00:00,2026-03-25T17:17:00+00:00,71037.4,71088.61,FIXED_R_MULTIPLE_1.5_OR_EXPIRY_12_BARS,2026-03-25_to_2026-03-25_run_001,research/results/short_reclaim_timing_survival_diagnostic_trades_2026-05-03.csv,SPRINT03_CTX_GE2_ENTRY_DELAY_1_V1,65b82474d143a41469a704ac5ba174387a2809fb42964984b6d646d6b26b2117,ctx_spike_count>=2;entry_delay_1;no_future_labels,e8f19416fabf7138f08acb62,2026-03-25T17:15:00+00:00,2026-03-25T17:12:00+00:00,71088.61,70960.585,51.21,1.5,12
20b0dbb347114343804fcab4,CAND_SHORT_CTX_SPIKE_GE2_ENTRY_DELAY_1,BTCUSDT,H1_H2_CONTEXT_M1_REPLAY,SHORT,2026-03-25T17:57:00+00:00,2026-03-25T17:58:00+00:00,70725.5,70756.21,FIXED_R_MULTIPLE_1.5_OR_EXPIRY_12_BARS,2026-03-25_to_2026-03-25_run_001,research/results/short_reclaim_timing_survival_diagnostic_trades_2026-05-03.csv,SPRINT03_CTX_GE2_ENTRY_DELAY_1_V1,4608b27407df65be214cdb46bffb46f4c5fed74f030c22b7fa0edd797ea83620,ctx_spike_count>=2;entry_delay_1;no_future_labels,a6f5769d1f569169d2cef65c,2026-03-25T17:56:00+00:00,2026-03-25T17:53:00+00:00,70756.21,70679.435,30.71,1.5,12
9a989be9e44597fb9b0e31f6,CAND_SHORT_CTX_SPIKE_GE2_ENTRY_DELAY_1,BTCUSDT,H1_H2_CONTEXT_M1_REPLAY,SHORT,2026-03-25T21:16:00+00:00,2026-03-25T21:17:00+00:00,71063.3,71077.55,FIXED_R_MULTIPLE_1.5_OR_EXPIRY_12_BARS,2026-03-25_to_2026-03-25_run_001,research/results/short_reclaim_timing_survival_diagnostic_trades_2026-05-03.csv,SPRINT03_CTX_GE2_ENTRY_DELAY_1_V1,c53f9569dbc79ea9147848a99bc85961bbe37cffdaa62a9d90d1d44d341c2a05,ctx_spike_count>=2;entry_delay_1;no_future_labels,be1c8682724e02cfda0afb17,2026-03-25T21:15:00+00:00,2026-03-25T21:12:00+00:00,71077.55,71041.925,14.25,1.5,12
f97a08b2a8e7e46256461c9a,CAND_SHORT_CTX_SPIKE_GE2_ENTRY_DELAY_1,BTCUSDT,H1_H2_CONTEXT_M1_REPLAY,SHORT,2026-03-26T05:52:00+00:00,2026-03-26T05:53:00+00:00,70129.5,70247.85,FIXED_R_MULTIPLE_1.5_OR_EXPIRY_12_BARS,2026-03-26_to_2026-03-26_run_001,research/results/short_reclaim_timing_survival_diagnostic_trades_2026-05-03.csv,SPRINT03_CTX_GE2_ENTRY_DELAY_1_V1,7c154bf8c032dd457cf52eea579d69a70b2aa7d26048540ccdb8241f72e65b1d,ctx_spike_count>=2;entry_delay_1;no_future_labels,e8bbb634125a5073ba2ae74f,2026-03-26T05:51:00+00:00,2026-03-26T05:46:00+00:00,70247.85,69951.975,118.35,1.5,12
e5921c153d11d3caf9ab4473,CAND_SHORT_CTX_SPIKE_GE2_ENTRY_DELAY_1,BTCUSDT,H1_H2_CONTEXT_M1_REPLAY,SHORT,2026-03-26T07:06:00+00:00,2026-03-26T07:07:00+00:00,70032.1,70085.15,FIXED_R_MULTIPLE_1.5_OR_EXPIRY_12_BARS,2026-03-26_to_2026-03-26_run_001,research/results/short_reclaim_timing_survival_diagnostic_trades_2026-05-03.csv,SPRINT03_CTX_GE2_ENTRY_DELAY_1_V1,3e42a26c60f43aaae3dbe9636ec5a98cb5ef02b31eebcf59e90e17d2dd6ef9ac,ctx_spike_count>=2;entry_delay_1;no_future_labels,93cd4ac84a22d34d8755b71d,2026-03-26T07:05:00+00:00,2026-03-26T07:03:00+00:00,70085.15,69952.525,53.05,1.5,12
7fe99b1bd050915cc0a33790,CAND_SHORT_CTX_SPIKE_GE2_ENTRY_DELAY_1,BTCUSDT,H1_H2_CONTEXT_M1_REPLAY,SHORT,2026-03-26T12:33:00+00:00,2026-03-26T12:34:00+00:00,69356.7,69370.05,FIXED_R_MULTIPLE_1.5_OR_EXPIRY_12_BARS,2026-03-26_to_2026-03-26_run_001,research/results/short_reclaim_timing_survival_diagnostic_trades_2026-05-03.csv,SPRINT03_CTX_GE2_ENTRY_DELAY_1_V1,2e68d662d043e443462f5bff8b586ed3aeaff3bf3f052d0760f4f4aa142d1f96,ctx_spike_count>=2;entry_delay_1;no_future_labels,98e22995d343dbfd548f89a3,2026-03-26T12:32:00+00:00,2026-03-26T12:31:00+00:00,69370.05,69336.675,13.35,1.5,12
4e4b3cb61494edd3ca75f490,CAND_SHORT_CTX_SPIKE_GE2_ENTRY_DELAY_1,BTCUSDT,H1_H2_CONTEXT_M1_REPLAY,SHORT,2026-03-26T20:13:00+00:00,2026-03-26T20:14:00+00:00,69091.9,69138.8,FIXED_R_MULTIPLE_1.5_OR_EXPIRY_12_BARS,2026-03-26_to_2026-03-26_run_001,research/results/short_reclaim_timing_survival_diagnostic_trades_2026-05-03.csv,SPRINT03_CTX_GE2_ENTRY_DELAY_1_V1,3cacd8f4be08fe6d2a468bdc15d1615b7e9c87738cf1eb0eb67b4fc0867d48aa,ctx_spike_count>=2;entry_delay_1;no_future_labels,b7027738ddea022b484dda3a,2026-03-26T20:12:00+00:00,2026-03-26T20:12:00+00:00,69138.8,69021.55,46.9,1.5,12
8a9af61808c9b3b85746e57e,CAND_SHORT_CTX_SPIKE_GE2_ENTRY_DELAY_1,BTCUSDT,H1_H2_CONTEXT_M1_REPLAY,SHORT,2026-03-27T07:14:00+00:00,2026-03-27T07:15:00+00:00,68790.2,68830.0,FIXED_R_MULTIPLE_1.5_OR_EXPIRY_12_BARS,2026-03-27_to_2026-03-27_run_001,research/results/short_reclaim_timing_survival_diagnostic_trades_2026-05-03.csv,SPRINT03_CTX_GE2_ENTRY_DELAY_1_V1,c92f02cbbba0c532089b11d1b58be4245406f69a9d5faa693b4c95ced1466de0,ctx_spike_count>=2;entry_delay_1;no_future_labels,642231792a17f365ca6899a0,2026-03-27T07:13:00+00:00,2026-03-27T07:13:00+00:00,68830.0,68730.5,39.8,1.5,12
3f6b15908b1baf078b9bdfa4,CAND_SHORT_CTX_SPIKE_GE2_ENTRY_DELAY_1,BTCUSDT,H1_H2_CONTEXT_M1_REPLAY,SHORT,2026-03-28T02:04:00+00:00,2026-03-28T02:05:00+00:00,66162.7,66179.85,FIXED_R_MULTIPLE_1.5_OR_EXPIRY_12_BARS,2026-03-28_to_2026-03-28_run_001,research/results/short_reclaim_timing_survival_diagnostic_trades_2026-05-03.csv,SPRINT03_CTX_GE2_ENTRY_DELAY_1_V1,f221a87ccc99a4183e58ffcde25e23637d2e0a21d750e04569de4157ebf4e0a5,ctx_spike_count>=2;entry_delay_1;no_future_labels,5f880c2f6161e4fcd15a142e,2026-03-28T02:03:00+00:00,2026-03-28T02:02:00+00:00,66179.85,66136.975,17.15,1.5,12
4492083d7459c95caa4e43fa,CAND_SHORT_CTX_SPIKE_GE2_ENTRY_DELAY_1,BTCUSDT,H1_H2_CONTEXT_M1_REPLAY,SHORT,2026-03-28T02:31:00+00:00,2026-03-28T02:32:00+00:00,65929.6,65991.73,FIXED_R_MULTIPLE_1.5_OR_EXPIRY_12_BARS,2026-03-28_to_2026-03-28_run_001,research/results/short_reclaim_timing_survival_diagnostic_trades_2026-05-03.csv,SPRINT03_CTX_GE2_ENTRY_DELAY_1_V1,be8aa3e2614ca86caa452987d807a1eae8679a4806ced1bd8ec4201aa086ae25,ctx_spike_count>=2;entry_delay_1;no_future_labels,c5319a8f2e8a7b408526c394,2026-03-28T02:30:00+00:00,2026-03-28T02:28:00+00:00,65991.73,65836.405,62.13,1.5,12
7a3e9a0d3545a81659b98cce,CAND_SHORT_CTX_SPIKE_GE2_ENTRY_DELAY_1,BTCUSDT,H1_H2_CONTEXT_M1_REPLAY,SHORT,2026-03-28T03:31:00+00:00,2026-03-28T03:32:00+00:00,66114.2,66122.15,FIXED_R_MULTIPLE_1.5_OR_EXPIRY_12_BARS,2026-03-28_to_2026-03-28_run_001,research/results/short_reclaim_timing_survival_diagnostic_trades_2026-05-03.csv,SPRINT03_CTX_GE2_ENTRY_DELAY_1_V1,8b5974aa8c359a174695d9f2eed11aa0710bc7feac0a48815dd7d8cc72500965,ctx_spike_count>=2;entry_delay_1;no_future_labels,ef6536e502349ea301718191,2026-03-28T03:30:00+00:00,2026-03-28T03:29:00+00:00,66122.15,66102.275,7.95,1.5,12
bf00fd6471be75b6abfedb89,CAND_SHORT_CTX_SPIKE_GE2_ENTRY_DELAY_1,BTCUSDT,H1_H2_CONTEXT_M1_REPLAY,SHORT,2026-03-28T06:03:00+00:00,2026-03-28T06:04:00+00:00,66285.2,66332.65,FIXED_R_MULTIPLE_1.5_OR_EXPIRY_12_BARS,2026-03-28_to_2026-03-28_run_001,research/results/short_reclaim_timing_survival_diagnostic_trades_2026-05-03.csv,SPRINT03_CTX_GE2_ENTRY_DELAY_1_V1,0d7be34fc0467f845142d28473a3e034cab844cbc7e823db101cec27db64d824,ctx_spike_count>=2;entry_delay_1;no_future_labels,86cbda73e23fa7c0f60695c7,2026-03-28T06:02:00+00:00,2026-03-28T06:00:00+00:00,66332.65,66214.025,47.45,1.5,12
1c320e6c099eacc4064b526a,CAND_SHORT_CTX_SPIKE_GE2_ENTRY_DELAY_1,BTCUSDT,H1_H2_CONTEXT_M1_REPLAY,SHORT,2026-03-28T07:23:00+00:00,2026-03-28T07:24:00+00:00,66426.4,66427.85,FIXED_R_MULTIPLE_1.5_OR_EXPIRY_12_BARS,2026-03-28_to_2026-03-28_run_001,research/results/short_reclaim_timing_survival_diagnostic_trades_2026-05-03.csv,SPRINT03_CTX_GE2_ENTRY_DELAY_1_V1,5550f4ba4a5301d27b0fd3a45dc85a5e93646e25f923595019a857487f2c7b38,ctx_spike_count>=2;entry_delay_1;no_future_labels,d0d1c7d1c7f434c3f11d57d2,2026-03-28T07:22:00+00:00,2026-03-28T07:18:00+00:00,66427.85,66424.225,1.45,1.5,12
98573fb1385f3c2b502b5697,CAND_SHORT_CTX_SPIKE_GE2_ENTRY_DELAY_1,BTCUSDT,H1_H2_CONTEXT_M1_REPLAY,SHORT,2026-03-28T10:27:00+00:00,2026-03-28T10:28:00+00:00,66167.4,66202.44,FIXED_R_MULTIPLE_1.5_OR_EXPIRY_12_BARS,2026-03-28_to_2026-03-28_run_001,research/results/short_reclaim_timing_survival_diagnostic_trades_2026-05-03.csv,SPRINT03_CTX_GE2_ENTRY_DELAY_1_V1,8bcb692e07ffc2c0459c9d594e2ccf97b4b7f51ee81af840b0708020239a7bf8,ctx_spike_count>=2;entry_delay_1;no_future_labels,ef455bf6d9967182ae30fc17,2026-03-28T10:26:00+00:00,2026-03-28T10:24:00+00:00,66202.44,66114.84,35.04,1.5,12
8a4a987d4ba09524f6b9193e,CAND_SHORT_CTX_SPIKE_GE2_ENTRY_DELAY_1,BTCUSDT,H1_H2_CONTEXT_M1_REPLAY,SHORT,2026-03-28T19:44:00+00:00,2026-03-28T19:45:00+00:00,66802.1,66850.65,FIXED_R_MULTIPLE_1.5_OR_EXPIRY_12_BARS,2026-03-28_to_2026-03-28_run_001,research/results/short_reclaim_timing_survival_diagnostic_trades_2026-05-03.csv,SPRINT03_CTX_GE2_ENTRY_DELAY_1_V1,9b27469fc819a8fb634b4e8e3561389c90934f4433a7889ddc377be752ec6eaf,ctx_spike_count>=2;entry_delay_1;no_future_labels,2be1723d4abe0f4bfbccefa9,2026-03-28T19:43:00+00:00,2026-03-28T19:41:00+00:00,66850.65,66729.275,48.55,1.5,12
743e92017d3f2d4361f0df09,CAND_SHORT_CTX_SPIKE_GE2_ENTRY_DELAY_1,BTCUSDT,H1_H2_CONTEXT_M1_REPLAY,SHORT,2026-03-28T21:45:00+00:00,2026-03-28T21:46:00+00:00,66825.0,66841.04,FIXED_R_MULTIPLE_1.5_OR_EXPIRY_12_BARS,2026-03-28_to_2026-03-28_run_001,research/results/short_reclaim_timing_survival_diagnostic_trades_2026-05-03.csv,SPRINT03_CTX_GE2_ENTRY_DELAY_1_V1,686c82a334e39a9206951071ab174bef0ced7006b1019834f919bb80036c175c,ctx_spike_count>=2;entry_delay_1;no_future_labels,c1d52ff2654daf9550c8fe22,2026-03-28T21:44:00+00:00,2026-03-28T21:43:00+00:00,66841.04,66800.94,16.04,1.5,12
65d69e22dfc4c39b7ba0ebbd,CAND_SHORT_CTX_SPIKE_GE2_ENTRY_DELAY_1,BTCUSDT,H1_H2_CONTEXT_M1_REPLAY,SHORT,2026-03-28T23:18:00+00:00,2026-03-28T23:19:00+00:00,66298.3,66306.65,FIXED_R_MULTIPLE_1.5_OR_EXPIRY_12_BARS,2026-03-28_to_2026-03-28_run_001,research/results/short_reclaim_timing_survival_diagnostic_trades_2026-05-03.csv,SPRINT03_CTX_GE2_ENTRY_DELAY_1_V1,46c6540f7f3e39ca50a658e86a0475543dd4f0af60193b98c3077a3fce79197e,ctx_spike_count>=2;entry_delay_1;no_future_labels,1050ad816bcb090b31a92c71,2026-03-28T23:17:00+00:00,2026-03-28T23:12:00+00:00,66306.65,66285.775,8.35,1.5,12
1bca9e067341b848ff4955f3,CAND_SHORT_CTX_SPIKE_GE2_ENTRY_DELAY_1,BTCUSDT,H1_H2_CONTEXT_M1_REPLAY,SHORT,2026-03-29T01:07:00+00:00,2026-03-29T01:08:00+00:00,66504.9,66509.35,FIXED_R_MULTIPLE_1.5_OR_EXPIRY_12_BARS,2026-03-29_to_2026-03-29_run_001,research/results/short_reclaim_timing_survival_diagnostic_trades_2026-05-03.csv,SPRINT03_CTX_GE2_ENTRY_DELAY_1_V1,24718ff1a6fb77782a93e65197f2f28034455cafa5de5ff6b8bdf692020c8142,ctx_spike_count>=2;entry_delay_1;no_future_labels,17980ca7894bcd81eac43bfb,2026-03-29T01:06:00+00:00,2026-03-29T01:05:00+00:00,66509.35,66498.225,4.45,1.5,12
8641eb4cec3b5ffc75c92cae,CAND_SHORT_CTX_SPIKE_GE2_ENTRY_DELAY_1,BTCUSDT,H1_H2_CONTEXT_M1_REPLAY,SHORT,2026-03-29T05:16:00+00:00,2026-03-29T05:17:00+00:00,66620.0,66649.04,FIXED_R_MULTIPLE_1.5_OR_EXPIRY_12_BARS,2026-03-29_to_2026-03-29_run_001,research/results/short_reclaim_timing_survival_diagnostic_trades_2026-05-03.csv,SPRINT03_CTX_GE2_ENTRY_DELAY_1_V1,556d40b4c1550eaaf936eaa73ec12f6e9c58fe15b23d1b5059413b9713cd673a,ctx_spike_count>=2;entry_delay_1;no_future_labels,bd632881330f46aa5c553f04,2026-03-29T05:15:00+00:00,2026-03-29T05:09:00+00:00,66649.04,66576.44,29.04,1.5,12
a6c7f9cd1a141de84033494f,CAND_SHORT_CTX_SPIKE_GE2_ENTRY_DELAY_1,BTCUSDT,H1_H2_CONTEXT_M1_REPLAY,SHORT,2026-03-29T15:02:00+00:00,2026-03-29T15:03:00+00:00,66607.6,66625.6,FIXED_R_MULTIPLE_1.5_OR_EXPIRY_12_BARS,2026-03-29_to_2026-03-29_run_001,research/results/short_reclaim_timing_survival_diagnostic_trades_2026-05-03.csv,SPRINT03_CTX_GE2_ENTRY_DELAY_1_V1,1cc25afe454e945e6885c7b627f42b0108940476ad24f714903727b4edc15ef3,ctx_spike_count>=2;entry_delay_1;no_future_labels,39934e27b3113cacb6188687,2026-03-29T15:01:00+00:00,2026-03-29T15:00:00+00:00,66625.6,66580.6,18.0,1.5,12
e71a7ec4083031f9f0d709ca,CAND_SHORT_CTX_SPIKE_GE2_ENTRY_DELAY_1,BTCUSDT,H1_H2_CONTEXT_M1_REPLAY,SHORT,2026-03-29T20:20:00+00:00,2026-03-29T20:21:00+00:00,66516.9,66524.0,FIXED_R_MULTIPLE_1.5_OR_EXPIRY_12_BARS,2026-03-29_to_2026-03-29_run_001,research/results/short_reclaim_timing_survival_diagnostic_trades_2026-05-03.csv,SPRINT03_CTX_GE2_ENTRY_DELAY_1_V1,2ee3ff9addf3081a1c9884c7c627e64dbb2f3c5830bccc69381041b6196054c1,ctx_spike_count>=2;entry_delay_1;no_future_labels,6e8da37277a037ae43db2385,2026-03-29T20:19:00+00:00,2026-03-29T20:19:00+00:00,66524.0,66506.25,7.1,1.5,12
bb9e4139c6cb70a5b48392f0,CAND_SHORT_CTX_SPIKE_GE2_ENTRY_DELAY_1,BTCUSDT,H1_H2_CONTEXT_M1_REPLAY,SHORT,2026-03-29T22:01:00+00:00,2026-03-29T22:02:00+00:00,66528.2,66641.1,FIXED_R_MULTIPLE_1.5_OR_EXPIRY_12_BARS,2026-03-29_to_2026-03-29_run_001,research/results/short_reclaim_timing_survival_diagnostic_trades_2026-05-03.csv,SPRINT03_CTX_GE2_ENTRY_DELAY_1_V1,224dddaa1859de15033bb5815a26d7651013335003d64f5edb1f6ffec74e1b59,ctx_spike_count>=2;entry_delay_1;no_future_labels,d1e63d0cf553104c3d2180ac,2026-03-29T22:00:00+00:00,2026-03-29T21:54:00+00:00,66641.1,66358.85,112.9,1.5,12
ebae6762e4441fe0ddb204a9,CAND_SHORT_CTX_SPIKE_GE2_ENTRY_DELAY_1,BTCUSDT,H1_H2_CONTEXT_M1_REPLAY,SHORT,2026-03-30T03:26:00+00:00,2026-03-30T03:27:00+00:00,67179.2,67201.3,FIXED_R_MULTIPLE_1.5_OR_EXPIRY_12_BARS,2026-03-30_to_2026-03-30_run_001,research/results/short_reclaim_timing_survival_diagnostic_trades_2026-05-03.csv,SPRINT03_CTX_GE2_ENTRY_DELAY_1_V1,167c08996772f61c2f93286d2eb3a859415f4fd5ad7df8da87fc5d044a61b930,ctx_spike_count>=2;entry_delay_1;no_future_labels,edff006e4b6127bc4b9c7788,2026-03-30T03:25:00+00:00,2026-03-30T03:24:00+00:00,67201.3,67146.05,22.1,1.5,12
371d3a9420bb0aae461a4587,CAND_SHORT_CTX_SPIKE_GE2_ENTRY_DELAY_1,BTCUSDT,H1_H2_CONTEXT_M1_REPLAY,SHORT,2026-03-30T05:11:00+00:00,2026-03-30T05:12:00+00:00,67618.9,67683.5,FIXED_R_MULTIPLE_1.5_OR_EXPIRY_12_BARS,2026-03-30_to_2026-03-30_run_001,research/results/short_reclaim_timing_survival_diagnostic_trades_2026-05-03.csv,SPRINT03_CTX_GE2_ENTRY_DELAY_1_V1,bd44a917ba25fa3cd5386efbe78e4606040ddbcdb13bb31144ff426295230775,ctx_spike_count>=2;entry_delay_1;no_future_labels,a896f6703cacf7e05f33d15a,2026-03-30T05:10:00+00:00,2026-03-30T05:09:00+00:00,67683.5,67522.0,64.6,1.5,12
add991d247d1882b69dc5ee2,CAND_SHORT_CTX_SPIKE_GE2_ENTRY_DELAY_1,BTCUSDT,H1_H2_CONTEXT_M1_REPLAY,SHORT,2026-03-30T11:28:00+00:00,2026-03-30T11:29:00+00:00,67687.1,67920.0,FIXED_R_MULTIPLE_1.5_OR_EXPIRY_12_BARS,2026-03-30_to_2026-03-30_run_001,research/results/short_reclaim_timing_survival_diagnostic_trades_2026-05-03.csv,SPRINT03_CTX_GE2_ENTRY_DELAY_1_V1,d210d0aa8cfbb1a72fbf8563a3d7d50cb6610094eb38e63cf01b5df006c6457d,ctx_spike_count>=2;entry_delay_1;no_future_labels,00d56eadb8ce5ad25038ce39,2026-03-30T11:27:00+00:00,2026-03-30T11:27:00+00:00,67920.0,67337.75,232.9,1.5,12
49cd9ee131af56792f476f59,CAND_SHORT_CTX_SPIKE_GE2_ENTRY_DELAY_1,BTCUSDT,H1_H2_CONTEXT_M1_REPLAY,SHORT,2026-03-30T13:23:00+00:00,2026-03-30T13:24:00+00:00,68028.7,68034.1,FIXED_R_MULTIPLE_1.5_OR_EXPIRY_12_BARS,2026-03-30_to_2026-03-30_run_001,research/results/short_reclaim_timing_survival_diagnostic_trades_2026-05-03.csv,SPRINT03_CTX_GE2_ENTRY_DELAY_1_V1,cfe0207b3664ca477da751e8a7bc35910b4c3abbcf8963db3ff1041465a265f9,ctx_spike_count>=2;entry_delay_1;no_future_labels,4317ab02a2692d1a6e33b2d3,2026-03-30T13:22:00+00:00,2026-03-30T13:21:00+00:00,68034.1,68020.6,5.4,1.5,12
25b2c19cdc9a55b177515c63,CAND_SHORT_CTX_SPIKE_GE2_ENTRY_DELAY_1,BTCUSDT,H1_H2_CONTEXT_M1_REPLAY,SHORT,2026-03-30T13:26:00+00:00,2026-03-30T13:27:00+00:00,67901.7,67998.0,FIXED_R_MULTIPLE_1.5_OR_EXPIRY_12_BARS,2026-03-30_to_2026-03-30_run_001,research/results/short_reclaim_timing_survival_diagnostic_trades_2026-05-03.csv,SPRINT03_CTX_GE2_ENTRY_DELAY_1_V1,86686a43948b07cea3704fa35acb9e1b26ae5655a3c378f2e642901bb51cdc4d,ctx_spike_count>=2;entry_delay_1;no_future_labels,765a632afefb232f84269b36,2026-03-30T13:25:00+00:00,2026-03-30T13:25:00+00:00,67998.0,67757.25,96.3,1.5,12
582b8ed0402869e949be5e9d,CAND_SHORT_CTX_SPIKE_GE2_ENTRY_DELAY_1,BTCUSDT,H1_H2_CONTEXT_M1_REPLAY,SHORT,2026-03-30T22:08:00+00:00,2026-03-30T22:09:00+00:00,66736.8,66873.1,FIXED_R_MULTIPLE_1.5_OR_EXPIRY_12_BARS,2026-03-30_to_2026-03-30_run_001,research/results/short_reclaim_timing_survival_diagnostic_trades_2026-05-03.csv,SPRINT03_CTX_GE2_ENTRY_DELAY_1_V1,1497f69b06e7fc68add1e4d17de443e7d3f6107e2a5fdbadaf8a3e8bde4d023f,ctx_spike_count>=2;entry_delay_1;no_future_labels,2b98c82c20894ac593943424,2026-03-30T22:07:00+00:00,2026-03-30T22:03:00+00:00,66873.1,66532.35,136.3,1.5,12
e0ccd480feeb773d3fc3f0de,CAND_SHORT_CTX_SPIKE_GE2_ENTRY_DELAY_1,BTCUSDT,H1_H2_CONTEXT_M1_REPLAY,SHORT,2026-03-31T07:17:00+00:00,2026-03-31T07:18:00+00:00,67197.9,67248.2,FIXED_R_MULTIPLE_1.5_OR_EXPIRY_12_BARS,2026-03-31_to_2026-03-31_run_001,research/results/short_reclaim_timing_survival_diagnostic_trades_2026-05-03.csv,SPRINT03_CTX_GE2_ENTRY_DELAY_1_V1,aa7d207a37dcfb20ee9941f238ce7bf4332205585da65609594cc55c6b16ef2c,ctx_spike_count>=2;entry_delay_1;no_future_labels,5ace61cf2e293801f5807345,2026-03-31T07:16:00+00:00,2026-03-31T07:12:00+00:00,67248.2,67122.45,50.3,1.5,12
7785224734577c11a23e1e12,CAND_SHORT_CTX_SPIKE_GE2_ENTRY_DELAY_1,BTCUSDT,H1_H2_CONTEXT_M1_REPLAY,SHORT,2026-03-31T09:56:00+00:00,2026-03-31T09:57:00+00:00,66102.8,66299.6,FIXED_R_MULTIPLE_1.5_OR_EXPIRY_12_BARS,2026-03-31_to_2026-03-31_run_001,research/results/short_reclaim_timing_survival_diagnostic_trades_2026-05-03.csv,SPRINT03_CTX_GE2_ENTRY_DELAY_1_V1,88cee5c35e3feee97e1075e952a5a2a0686af975b474fb1c1aa4c7c830c51f02,ctx_spike_count>=2;entry_delay_1;no_future_labels,071ffcf63a449d915d24ea38,2026-03-31T09:55:00+00:00,2026-03-31T09:53:00+00:00,66299.6,65807.6,196.8,1.5,12
4faf38959dfd4799406d4c52,CAND_SHORT_CTX_SPIKE_GE2_ENTRY_DELAY_1,BTCUSDT,H1_H2_CONTEXT_M1_REPLAY,SHORT,2026-03-31T10:40:00+00:00,2026-03-31T10:41:00+00:00,66235.2,66285.33,FIXED_R_MULTIPLE_1.5_OR_EXPIRY_12_BARS,2026-03-31_to_2026-03-31_run_001,research/results/short_reclaim_timing_survival_diagnostic_trades_2026-05-03.csv,SPRINT03_CTX_GE2_ENTRY_DELAY_1_V1,01c24ed45f558586ea67dcbc47cd0ef77e0daf089b12b9cc801a8b40500c8899,ctx_spike_count>=2;entry_delay_1;no_future_labels,f8bed0df32f31c0c17ded1bd,2026-03-31T10:39:00+00:00,2026-03-31T10:36:00+00:00,66285.33,66160.005,50.13,1.5,12
0fbdca5b6bfa9cc426a74be6,CAND_SHORT_CTX_SPIKE_GE2_ENTRY_DELAY_1,BTCUSDT,H1_H2_CONTEXT_M1_REPLAY,SHORT,2026-03-31T13:18:00+00:00,2026-03-31T13:19:00+00:00,66812.4,66828.05,FIXED_R_MULTIPLE_1.5_OR_EXPIRY_12_BARS,2026-03-31_to_2026-03-31_run_001,research/results/short_reclaim_timing_survival_diagnostic_trades_2026-05-03.csv,SPRINT03_CTX_GE2_ENTRY_DELAY_1_V1,0866bfed4fd38b0959bfb7512fc03f9445931822c68bbf34278d54c7a360a4d1,ctx_spike_count>=2;entry_delay_1;no_future_labels,e2088b83ba59500668b51654,2026-03-31T13:17:00+00:00,2026-03-31T13:15:00+00:00,66828.05,66788.925,15.65,1.5,12
83787d776d4d986f45e5b59d,CAND_SHORT_CTX_SPIKE_GE2_ENTRY_DELAY_1,BTCUSDT,H1_H2_CONTEXT_M1_REPLAY,SHORT,2026-03-31T14:04:00+00:00,2026-03-31T14:05:00+00:00,67265.6,67353.9,FIXED_R_MULTIPLE_1.5_OR_EXPIRY_12_BARS,2026-03-31_to_2026-03-31_run_001,research/results/short_reclaim_timing_survival_diagnostic_trades_2026-05-03.csv,SPRINT03_CTX_GE2_ENTRY_DELAY_1_V1,ddf762d79ab9fc940fea55450aa7fb2b9c57551375f56f04fd22754d3f4d0583,ctx_spike_count>=2;entry_delay_1;no_future_labels,993f1ab085ca36359f69e88b,2026-03-31T14:03:00+00:00,2026-03-31T14:00:00+00:00,67353.9,67133.15,88.3,1.5,12
00f6a5dbeb911646db4e121c,CAND_SHORT_CTX_SPIKE_GE2_ENTRY_DELAY_1,BTCUSDT,H1_H2_CONTEXT_M1_REPLAY,SHORT,2026-03-31T15:08:00+00:00,2026-03-31T15:09:00+00:00,66925.7,66933.85,FIXED_R_MULTIPLE_1.5_OR_EXPIRY_12_BARS,2026-03-31_to_2026-03-31_run_001,research/results/short_reclaim_timing_survival_diagnostic_trades_2026-05-03.csv,SPRINT03_CTX_GE2_ENTRY_DELAY_1_V1,6cb912950bfc92b233c8308aeb08b9e56558c3567e7fce3f48dba117e854d991,ctx_spike_count>=2;entry_delay_1;no_future_labels,415d8521761ff0d19af8f90d,2026-03-31T15:07:00+00:00,2026-03-31T15:06:00+00:00,66933.85,66913.475,8.15,1.5,12
c144cfc0e0201049013a153a,CAND_SHORT_CTX_SPIKE_GE2_ENTRY_DELAY_1,BTCUSDT,H1_H2_CONTEXT_M1_REPLAY,SHORT,2026-03-31T16:45:00+00:00,2026-03-31T16:46:00+00:00,67742.1,67765.8,FIXED_R_MULTIPLE_1.5_OR_EXPIRY_12_BARS,2026-03-31_to_2026-03-31_run_001,research/results/short_reclaim_timing_survival_diagnostic_trades_2026-05-03.csv,SPRINT03_CTX_GE2_ENTRY_DELAY_1_V1,984ec2447783ffcba17555d59deaa8b60020c846258bd4ed2a84da42163ae0ce,ctx_spike_count>=2;entry_delay_1;no_future_labels,97ff5e6bb464fd8634ca0e18,2026-03-31T16:44:00+00:00,2026-03-31T16:44:00+00:00,67765.8,67706.55,23.7,1.5,12
2a4b13d54308d31f371f234d,CAND_SHORT_CTX_SPIKE_GE2_ENTRY_DELAY_1,BTCUSDT,H1_H2_CONTEXT_M1_REPLAY,SHORT,2026-04-01T00:26:00+00:00,2026-04-01T00:27:00+00:00,67915.9,67933.45,FIXED_R_MULTIPLE_1.5_OR_EXPIRY_12_BARS,2026-04-01_to_2026-04-01_run_001,research/results/short_reclaim_timing_survival_diagnostic_trades_2026-05-03.csv,SPRINT03_CTX_GE2_ENTRY_DELAY_1_V1,31b688e7647a2506b56137fb69a0635b7b0e145553acf807d21e6a406b51ed0f,ctx_spike_count>=2;entry_delay_1;no_future_labels,8b311bebbdde1e60a1a4747f,2026-04-01T00:25:00+00:00,2026-04-01T00:23:00+00:00,67933.45,67889.575,17.55,1.5,12
b82ed56b6529070548528dc7,CAND_SHORT_CTX_SPIKE_GE2_ENTRY_DELAY_1,BTCUSDT,H1_H2_CONTEXT_M1_REPLAY,SHORT,2026-04-01T04:55:00+00:00,2026-04-01T04:56:00+00:00,68293.3,68360.0,FIXED_R_MULTIPLE_1.5_OR_EXPIRY_12_BARS,2026-04-01_to_2026-04-01_run_001,research/results/short_reclaim_timing_survival_diagnostic_trades_2026-05-03.csv,SPRINT03_CTX_GE2_ENTRY_DELAY_1_V1,40d880e4b35a122774ed00297b56f011bfb8aa6eb031cb37df6d9e8be14c3d74,ctx_spike_count>=2;entry_delay_1;no_future_labels,f1907143e171551ae558c5aa,2026-04-01T04:54:00+00:00,2026-04-01T04:53:00+00:00,68360.0,68193.25,66.7,1.5,12
e89767624ddd05e83ee9260b,CAND_SHORT_CTX_SPIKE_GE2_ENTRY_DELAY_1,BTCUSDT,H1_H2_CONTEXT_M1_REPLAY,SHORT,2026-04-01T04:55:00+00:00,2026-04-01T04:56:00+00:00,68293.3,68330.0,FIXED_R_MULTIPLE_1.5_OR_EXPIRY_12_BARS,2026-04-01_to_2026-04-01_run_001,research/results/short_reclaim_timing_survival_diagnostic_trades_2026-05-03.csv,SPRINT03_CTX_GE2_ENTRY_DELAY_1_V1,66910e51b806c33f4529d7564150c722d9ffcc989228c284a9b505037fadb79e,ctx_spike_count>=2;entry_delay_1;no_future_labels,9ba461691685121b03ebdd48,2026-04-01T04:54:00+00:00,2026-04-01T04:54:00+00:00,68330.0,68238.25,36.7,1.5,12
8ab58705a7f0eb4dcf4698bd,CAND_SHORT_CTX_SPIKE_GE2_ENTRY_DELAY_1,BTCUSDT,H1_H2_CONTEXT_M1_REPLAY,SHORT,2026-04-01T06:46:00+00:00,2026-04-01T06:47:00+00:00,69102.0,69128.15,FIXED_R_MULTIPLE_1.5_OR_EXPIRY_12_BARS,2026-04-01_to_2026-04-01_run_001,research/results/short_reclaim_timing_survival_diagnostic_trades_2026-05-03.csv,SPRINT03_CTX_GE2_ENTRY_DELAY_1_V1,3ec5e6b9f0b1328770dacdd9a7bab0097e5f90f7d171d6e2ebea5f8f262c5d52,ctx_spike_count>=2;entry_delay_1;no_future_labels,958ea001d128fc2b47d30ffc,2026-04-01T06:45:00+00:00,2026-04-01T06:44:00+00:00,69128.15,69062.775,26.15,1.5,12
645ee989e868a0a233cc931f,CAND_SHORT_CTX_SPIKE_GE2_ENTRY_DELAY_1,BTCUSDT,H1_H2_CONTEXT_M1_REPLAY,SHORT,2026-04-01T08:55:00+00:00,2026-04-01T08:56:00+00:00,68610.8,68717.25,FIXED_R_MULTIPLE_1.5_OR_EXPIRY_12_BARS,2026-04-01_to_2026-04-01_run_001,research/results/short_reclaim_timing_survival_diagnostic_trades_2026-05-03.csv,SPRINT03_CTX_GE2_ENTRY_DELAY_1_V1,eb47cde121465181c2a64535d78a45c5c702178da712530b819f595c786073ab,ctx_spike_count>=2;entry_delay_1;no_future_labels,e65bd8da773c418efde80979,2026-04-01T08:54:00+00:00,2026-04-01T08:53:00+00:00,68717.25,68451.125,106.45,1.5,12
79151c36677a7db348a9d67b,CAND_SHORT_CTX_SPIKE_GE2_ENTRY_DELAY_1,BTCUSDT,H1_H2_CONTEXT_M1_REPLAY,SHORT,2026-04-01T12:47:00+00:00,2026-04-01T12:48:00+00:00,68434.0,68451.26,FIXED_R_MULTIPLE_1.5_OR_EXPIRY_12_BARS,2026-04-01_to_2026-04-01_run_001,research/results/short_reclaim_timing_survival_diagnostic_trades_2026-05-03.csv,SPRINT03_CTX_GE2_ENTRY_DELAY_1_V1,6bd589f1e38d71c1032d8107f4f7f05b611d8a694260ec451d8f1c8f8f8ab3ed,ctx_spike_count>=2;entry_delay_1;no_future_labels,5329ec29987d1bbf844d959f,2026-04-01T12:46:00+00:00,2026-04-01T12:44:00+00:00,68451.26,68408.11,17.26,1.5,12
0a3d52a8e31eb8749417a8a7,CAND_SHORT_CTX_SPIKE_GE2_ENTRY_DELAY_1,BTCUSDT,H1_H2_CONTEXT_M1_REPLAY,SHORT,2026-04-01T15:27:00+00:00,2026-04-01T15:28:00+00:00,68699.1,68773.9,FIXED_R_MULTIPLE_1.5_OR_EXPIRY_12_BARS,2026-04-01_to_2026-04-01_run_001,research/results/short_reclaim_timing_survival_diagnostic_trades_2026-05-03.csv,SPRINT03_CTX_GE2_ENTRY_DELAY_1_V1,1d5712968f8ffbf659aa3e791e623479d86d5401558621380fdb1e8bf9c89544,ctx_spike_count>=2;entry_delay_1;no_future_labels,0bc953a785ae3d79853c5f6a,2026-04-01T15:26:00+00:00,2026-04-01T15:26:00+00:00,68773.9,68586.9,74.8,1.5,12
a9a8d4b4ce0636ca24ec56f3,CAND_SHORT_CTX_SPIKE_GE2_ENTRY_DELAY_1,BTCUSDT,H1_H2_CONTEXT_M1_REPLAY,SHORT,2026-04-02T04:22:00+00:00,2026-04-02T04:23:00+00:00,66456.1,66468.48,FIXED_R_MULTIPLE_1.5_OR_EXPIRY_12_BARS,2026-04-02_to_2026-04-02_run_001,research/results/short_reclaim_timing_survival_diagnostic_trades_2026-05-03.csv,SPRINT03_CTX_GE2_ENTRY_DELAY_1_V1,7457b828a828ec50919fdc1adebd97c3cd9ff451a50924f9aae40ccc8db23d7d,ctx_spike_count>=2;entry_delay_1;no_future_labels,0161e4c02db441fad9cf7fe2,2026-04-02T04:21:00+00:00,2026-04-02T04:19:00+00:00,66468.48,66437.53,12.38,1.5,12
23009da5a77a3bd74b1e5121,CAND_SHORT_CTX_SPIKE_GE2_ENTRY_DELAY_1,BTCUSDT,H1_H2_CONTEXT_M1_REPLAY,SHORT,2026-04-02T09:42:00+00:00,2026-04-02T09:43:00+00:00,66406.9,66450.2,FIXED_R_MULTIPLE_1.5_OR_EXPIRY_12_BARS,2026-04-02_to_2026-04-02_run_001,research/results/short_reclaim_timing_survival_diagnostic_trades_2026-05-03.csv,SPRINT03_CTX_GE2_ENTRY_DELAY_1_V1,40ff63ffa744ce9a8922763995de17aefcd0ee1613a00aa5ddb999ecb0735baf,ctx_spike_count>=2;entry_delay_1;no_future_labels,89a4d89c3903805e348a94d7,2026-04-02T09:41:00+00:00,2026-04-02T09:40:00+00:00,66450.2,66341.95,43.3,1.5,12
34966829dcfdfad195206fb7,CAND_SHORT_CTX_SPIKE_GE2_ENTRY_DELAY_1,BTCUSDT,H1_H2_CONTEXT_M1_REPLAY,SHORT,2026-04-02T14:39:00+00:00,2026-04-02T14:40:00+00:00,66834.9,66898.5,FIXED_R_MULTIPLE_1.5_OR_EXPIRY_12_BARS,2026-04-02_to_2026-04-02_run_001,research/results/short_reclaim_timing_survival_diagnostic_trades_2026-05-03.csv,SPRINT03_CTX_GE2_ENTRY_DELAY_1_V1,9fa06b75c6a935ddfb78fbc619b960f55883a09383f60e973ee5c0c85dafea6b,ctx_spike_count>=2;entry_delay_1;no_future_labels,766ec94c60ec9cb573f1449a,2026-04-02T14:38:00+00:00,2026-04-02T14:38:00+00:00,66898.5,66739.5,63.6,1.5,12
431e646485cbf9f6bce145eb,CAND_SHORT_CTX_SPIKE_GE2_ENTRY_DELAY_1,BTCUSDT,H1_H2_CONTEXT_M1_REPLAY,SHORT,2026-04-02T18:44:00+00:00,2026-04-02T18:45:00+00:00,66671.6,66686.9,FIXED_R_MULTIPLE_1.5_OR_EXPIRY_12_BARS,2026-04-02_to_2026-04-02_run_001,research/results/short_reclaim_timing_survival_diagnostic_trades_2026-05-03.csv,SPRINT03_CTX_GE2_ENTRY_DELAY_1_V1,8a0cce7a47f285f8487aa91ac6c217148570b6e9e505c0e4590295af0d969fbe,ctx_spike_count>=2;entry_delay_1;no_future_labels,f2a84b26b1594d181b0d9fe5,2026-04-02T18:43:00+00:00,2026-04-02T18:40:00+00:00,66686.9,66648.65,15.3,1.5,12
5cf6191926887158e56e0dab,CAND_SHORT_CTX_SPIKE_GE2_ENTRY_DELAY_1,BTCUSDT,H1_H2_CONTEXT_M1_REPLAY,SHORT,2026-04-02T22:41:00+00:00,2026-04-02T22:42:00+00:00,66937.0,66946.3,FIXED_R_MULTIPLE_1.5_OR_EXPIRY_12_BARS,2026-04-02_to_2026-04-02_run_001,research/results/short_reclaim_timing_survival_diagnostic_trades_2026-05-03.csv,SPRINT03_CTX_GE2_ENTRY_DELAY_1_V1,df4993792c111eec9a50ce405e45f9db01ba391724bb9b188716da7ba13a3bef,ctx_spike_count>=2;entry_delay_1;no_future_labels,d79c682507a2c9c48927c0ab,2026-04-02T22:40:00+00:00,2026-04-02T22:39:00+00:00,66946.3,66923.05,9.3,1.5,12
993b7bcb485d1d38172a1ef4,CAND_SHORT_CTX_SPIKE_GE2_ENTRY_DELAY_1,BTCUSDT,H1_H2_CONTEXT_M1_REPLAY,SHORT,2026-04-03T09:23:00+00:00,2026-04-03T09:24:00+00:00,66729.6,66746.42,FIXED_R_MULTIPLE_1.5_OR_EXPIRY_12_BARS,2026-04-03_to_2026-04-03_run_001,research/results/short_reclaim_timing_survival_diagnostic_trades_2026-05-03.csv,SPRINT03_CTX_GE2_ENTRY_DELAY_1_V1,739c5ffb6d97729b4eab8bcbf17eeaf1fb57f1a9106ef844d5488134afbec437,ctx_spike_count>=2;entry_delay_1;no_future_labels,5d6785b6b31c2f65afabb577,2026-04-03T09:22:00+00:00,2026-04-03T09:21:00+00:00,66746.42,66704.37,16.82,1.5,12
3a1bd69969e06769ea1b51b3,CAND_SHORT_CTX_SPIKE_GE2_ENTRY_DELAY_1,BTCUSDT,H1_H2_CONTEXT_M1_REPLAY,SHORT,2026-04-03T11:25:00+00:00,2026-04-03T11:26:00+00:00,66867.0,66882.35,FIXED_R_MULTIPLE_1.5_OR_EXPIRY_12_BARS,2026-04-03_to_2026-04-03_run_001,research/results/short_reclaim_timing_survival_diagnostic_trades_2026-05-03.csv,SPRINT03_CTX_GE2_ENTRY_DELAY_1_V1,cf8bb6c4bd9d6ffe349e07c9804e476731d487af849f30d2bf417de78471f87f,ctx_spike_count>=2;entry_delay_1;no_future_labels,eda3c082fb2c2fd4acf6f8ae,2026-04-03T11:24:00+00:00,2026-04-03T11:22:00+00:00,66882.35,66843.975,15.35,1.5,12
0374ccbb0ede55182cf72700,CAND_SHORT_CTX_SPIKE_GE2_ENTRY_DELAY_1,BTCUSDT,H1_H2_CONTEXT_M1_REPLAY,SHORT,2026-04-03T12:32:00+00:00,2026-04-03T12:33:00+00:00,66933.3,66943.32,FIXED_R_MULTIPLE_1.5_OR_EXPIRY_12_BARS,2026-04-03_to_2026-04-03_run_001,research/results/short_reclaim_timing_survival_diagnostic_trades_2026-05-03.csv,SPRINT03_CTX_GE2_ENTRY_DELAY_1_V1,7bfca0aff309d989e53b7669f370d0df432d48b5909ba499ea750d3ad5ee1055,ctx_spike_count>=2;entry_delay_1;no_future_labels,c83be0a6e1d7e9a3db0fbb5d,2026-04-03T12:31:00+00:00,2026-04-03T12:25:00+00:00,66943.32,66918.27,10.02,1.5,12
183502a9c4671593c49a14b2,CAND_SHORT_CTX_SPIKE_GE2_ENTRY_DELAY_1,BTCUSDT,H1_H2_CONTEXT_M1_REPLAY,SHORT,2026-04-03T12:32:00+00:00,2026-04-03T12:33:00+00:00,66933.3,67258.0,FIXED_R_MULTIPLE_1.5_OR_EXPIRY_12_BARS,2026-04-03_to_2026-04-03_run_001,research/results/short_reclaim_timing_survival_diagnostic_trades_2026-05-03.csv,SPRINT03_CTX_GE2_ENTRY_DELAY_1_V1,5be4a7d55ffab6c148bb8e45228fb67f21ce10e50c7cdb76bbf381dfd3c0f462,ctx_spike_count>=2;entry_delay_1;no_future_labels,abd75e8f62d808757bd8a1d3,2026-04-03T12:31:00+00:00,2026-04-03T12:31:00+00:00,67258.0,66446.25,324.7,1.5,12
c1b14597ae72c89018152168,CAND_SHORT_CTX_SPIKE_GE2_ENTRY_DELAY_1,BTCUSDT,H1_H2_CONTEXT_M1_REPLAY,SHORT,2026-04-03T13:56:00+00:00,2026-04-03T13:57:00+00:00,66615.4,66632.1,FIXED_R_MULTIPLE_1.5_OR_EXPIRY_12_BARS,2026-04-03_to_2026-04-03_run_001,research/results/short_reclaim_timing_survival_diagnostic_trades_2026-05-03.csv,SPRINT03_CTX_GE2_ENTRY_DELAY_1_V1,68bdace4b937363634a74cbee02aa710961893e9b71a213ed0ebc46cc0c91108,ctx_spike_count>=2;entry_delay_1;no_future_labels,7e6d62ab0fb04e92f6545971,2026-04-03T13:55:00+00:00,2026-04-03T13:54:00+00:00,66632.1,66590.35,16.7,1.5,12
4675bcdcbb40c879a215315a,CAND_SHORT_CTX_SPIKE_GE2_ENTRY_DELAY_1,BTCUSDT,H1_H2_CONTEXT_M1_REPLAY,SHORT,2026-04-03T15:35:00+00:00,2026-04-03T15:36:00+00:00,66871.6,66873.2,FIXED_R_MULTIPLE_1.5_OR_EXPIRY_12_BARS,2026-04-03_to_2026-04-03_run_001,research/results/short_reclaim_timing_survival_diagnostic_trades_2026-05-03.csv,SPRINT03_CTX_GE2_ENTRY_DELAY_1_V1,b6ae19e22fc8ac628dd6d7b96f10a6ce572a92f9675237032b74e60e6d667288,ctx_spike_count>=2;entry_delay_1;no_future_labels,ab2cfbf213056baefd1a7555,2026-04-03T15:34:00+00:00,2026-04-03T15:33:00+00:00,66873.2,66869.2,1.6,1.5,12
9d77dde388641ce6315b7338,CAND_SHORT_CTX_SPIKE_GE2_ENTRY_DELAY_1,BTCUSDT,H1_H2_CONTEXT_M1_REPLAY,SHORT,2026-04-03T19:25:00+00:00,2026-04-03T19:26:00+00:00,66762.8,66802.7,FIXED_R_MULTIPLE_1.5_OR_EXPIRY_12_BARS,2026-04-03_to_2026-04-03_run_001,research/results/short_reclaim_timing_survival_diagnostic_trades_2026-05-03.csv,SPRINT03_CTX_GE2_ENTRY_DELAY_1_V1,e323fbb3ac7d395fdfbf13e10b167529b02485f0de7707aecfb9b2cb269f7f10,ctx_spike_count>=2;entry_delay_1;no_future_labels,e57798899261ec0929ca7a8e,2026-04-03T19:24:00+00:00,2026-04-03T19:22:00+00:00,66802.7,66702.95,39.9,1.5,12
0d9239ffef21a7baca86e057,CAND_SHORT_CTX_SPIKE_GE2_ENTRY_DELAY_1,BTCUSDT,H1_H2_CONTEXT_M1_REPLAY,SHORT,2026-04-04T01:26:00+00:00,2026-04-04T01:27:00+00:00,66820.3,66827.86,FIXED_R_MULTIPLE_1.5_OR_EXPIRY_12_BARS,2026-04-04_to_2026-04-04_run_001,research/results/short_reclaim_timing_survival_diagnostic_trades_2026-05-03.csv,SPRINT03_CTX_GE2_ENTRY_DELAY_1_V1,445070a05a32eb0549a2079b9259433d5fbc46c2005f9cf04b4173f4819bc16f,ctx_spike_count>=2;entry_delay_1;no_future_labels,9c89723a2fc069a88d3230fa,2026-04-04T01:25:00+00:00,2026-04-04T01:24:00+00:00,66827.86,66808.96,7.56,1.5,12
beda3562d4418a0cd10c6420,CAND_SHORT_CTX_SPIKE_GE2_ENTRY_DELAY_1,BTCUSDT,H1_H2_CONTEXT_M1_REPLAY,SHORT,2026-04-04T04:17:00+00:00,2026-04-04T04:18:00+00:00,66746.8,66779.0,FIXED_R_MULTIPLE_1.5_OR_EXPIRY_12_BARS,2026-04-04_to_2026-04-04_run_001,research/results/short_reclaim_timing_survival_diagnostic_trades_2026-05-03.csv,SPRINT03_CTX_GE2_ENTRY_DELAY_1_V1,f4c21095e23f7813069029e37f48ba1bdcc4d1eb2438a11780c725f9e251231d,ctx_spike_count>=2;entry_delay_1;no_future_labels,9a8b81151b8526ac8404a743,2026-04-04T04:16:00+00:00,2026-04-04T04:15:00+00:00,66779.0,66698.5,32.2,1.5,12
08417a6a4a5acdd82d8c727a,CAND_SHORT_CTX_SPIKE_GE2_ENTRY_DELAY_1,BTCUSDT,H1_H2_CONTEXT_M1_REPLAY,SHORT,2026-04-04T08:22:00+00:00,2026-04-04T08:23:00+00:00,66980.0,66999.3,FIXED_R_MULTIPLE_1.5_OR_EXPIRY_12_BARS,2026-04-04_to_2026-04-04_run_001,research/results/short_reclaim_timing_survival_diagnostic_trades_2026-05-03.csv,SPRINT03_CTX_GE2_ENTRY_DELAY_1_V1,f3468cdde401e166e7b600d7761ef6d41235db03271936ddb80104e1bf6ee102,ctx_spike_count>=2;entry_delay_1;no_future_labels,e13e463dd9b5529915a16d0a,2026-04-04T08:21:00+00:00,2026-04-04T08:20:00+00:00,66999.3,66951.05,19.3,1.5,12
e255afdfe4d8f521cab521ad,CAND_SHORT_CTX_SPIKE_GE2_ENTRY_DELAY_1,BTCUSDT,H1_H2_CONTEXT_M1_REPLAY,SHORT,2026-04-04T08:22:00+00:00,2026-04-04T08:23:00+00:00,66980.0,67023.7,FIXED_R_MULTIPLE_1.5_OR_EXPIRY_12_BARS,2026-04-04_to_2026-04-04_run_001,research/results/short_reclaim_timing_survival_diagnostic_trades_2026-05-03.csv,SPRINT03_CTX_GE2_ENTRY_DELAY_1_V1,504bb063cd251934d5952155ef0fa8aaac320ae391bddecc50baad996789279f,ctx_spike_count>=2;entry_delay_1;no_future_labels,e38b2d29168d1e4a2f06c5c1,2026-04-04T08:21:00+00:00,2026-04-04T08:21:00+00:00,67023.7,66914.45,43.7,1.5,12
56ded73db7b839618f1f2667,CAND_SHORT_CTX_SPIKE_GE2_ENTRY_DELAY_1,BTCUSDT,H1_H2_CONTEXT_M1_REPLAY,SHORT,2026-04-04T10:03:00+00:00,2026-04-04T10:04:00+00:00,66970.7,66978.1,FIXED_R_MULTIPLE_1.5_OR_EXPIRY_12_BARS,2026-04-04_to_2026-04-04_run_001,research/results/short_reclaim_timing_survival_diagnostic_trades_2026-05-03.csv,SPRINT03_CTX_GE2_ENTRY_DELAY_1_V1,dd63b2c2fbb5663892ccb2139859609a0fc056c7b52c15227c972aa101a29c87,ctx_spike_count>=2;entry_delay_1;no_future_labels,5be5d9a9ef912367f4e021c2,2026-04-04T10:02:00+00:00,2026-04-04T10:01:00+00:00,66978.1,66959.6,7.4,1.5,12
262463ea7b631c0c551b727b,CAND_SHORT_CTX_SPIKE_GE2_ENTRY_DELAY_1,BTCUSDT,H1_H2_CONTEXT_M1_REPLAY,SHORT,2026-04-04T13:22:00+00:00,2026-04-04T13:23:00+00:00,67079.6,67091.6,FIXED_R_MULTIPLE_1.5_OR_EXPIRY_12_BARS,2026-04-04_to_2026-04-04_run_001,research/results/short_reclaim_timing_survival_diagnostic_trades_2026-05-03.csv,SPRINT03_CTX_GE2_ENTRY_DELAY_1_V1,d011accae80322aa6748a3a1f34c12e2f1dc590c1051eea81df9aa17b7f94596,ctx_spike_count>=2;entry_delay_1;no_future_labels,98069d80805acd64059a12a2,2026-04-04T13:21:00+00:00,2026-04-04T13:20:00+00:00,67091.6,67061.6,12.0,1.5,12
4d1ff027e396cf44c92266b1,CAND_SHORT_CTX_SPIKE_GE2_ENTRY_DELAY_1,BTCUSDT,H1_H2_CONTEXT_M1_REPLAY,SHORT,2026-04-04T13:39:00+00:00,2026-04-04T13:40:00+00:00,67218.4,67223.8,FIXED_R_MULTIPLE_1.5_OR_EXPIRY_12_BARS,2026-04-04_to_2026-04-04_run_001,research/results/short_reclaim_timing_survival_diagnostic_trades_2026-05-03.csv,SPRINT03_CTX_GE2_ENTRY_DELAY_1_V1,af2b0de77b3c4f078e76b9cd713f51c3b1f0e8dfb3bd6ded5c6538280805b716,ctx_spike_count>=2;entry_delay_1;no_future_labels,30d31510bda2f5a14db22b9c,2026-04-04T13:38:00+00:00,2026-04-04T13:38:00+00:00,67223.8,67210.3,5.4,1.5,12
6aefe934aed42110364fd1ee,CAND_SHORT_CTX_SPIKE_GE2_ENTRY_DELAY_1,BTCUSDT,H1_H2_CONTEXT_M1_REPLAY,SHORT,2026-04-04T15:11:00+00:00,2026-04-04T15:12:00+00:00,67230.9,67243.95,FIXED_R_MULTIPLE_1.5_OR_EXPIRY_12_BARS,2026-04-04_to_2026-04-04_run_001,research/results/short_reclaim_timing_survival_diagnostic_trades_2026-05-03.csv,SPRINT03_CTX_GE2_ENTRY_DELAY_1_V1,74efb98c8adae18ee1244f4d8be5a3987aa485db5cccfb01a704ecda5bd791fa,ctx_spike_count>=2;entry_delay_1;no_future_labels,7258cbc7d7c26e4e88d9c13c,2026-04-04T15:10:00+00:00,2026-04-04T15:09:00+00:00,67243.95,67211.325,13.05,1.5,12
fb9fc627bfd08b3114ff379e,CAND_SHORT_CTX_SPIKE_GE2_ENTRY_DELAY_1,BTCUSDT,H1_H2_CONTEXT_M1_REPLAY,SHORT,2026-04-04T15:11:00+00:00,2026-04-04T15:12:00+00:00,67230.9,67245.3,FIXED_R_MULTIPLE_1.5_OR_EXPIRY_12_BARS,2026-04-04_to_2026-04-04_run_001,research/results/short_reclaim_timing_survival_diagnostic_trades_2026-05-03.csv,SPRINT03_CTX_GE2_ENTRY_DELAY_1_V1,2e1e400e09dad3acf1c69f34c329666ecd0b42bca6e4d57f6cf6ecf456719a71,ctx_spike_count>=2;entry_delay_1;no_future_labels,2ab20a93195a4d9f8bf00165,2026-04-04T15:10:00+00:00,2026-04-04T15:10:00+00:00,67245.3,67209.3,14.4,1.5,12
8963139b436bac33718ff28b,CAND_SHORT_CTX_SPIKE_GE2_ENTRY_DELAY_1,BTCUSDT,H1_H2_CONTEXT_M1_REPLAY,SHORT,2026-04-04T22:46:00+00:00,2026-04-04T22:47:00+00:00,67379.4,67403.5,FIXED_R_MULTIPLE_1.5_OR_EXPIRY_12_BARS,2026-04-04_to_2026-04-04_run_001,research/results/short_reclaim_timing_survival_diagnostic_trades_2026-05-03.csv,SPRINT03_CTX_GE2_ENTRY_DELAY_1_V1,717d7aec7af4505c5593608e5f8ccf8fc6c8000cf24ab48e937d6b74513e99ae,ctx_spike_count>=2;entry_delay_1;no_future_labels,7fe7c60d92ab91577dd9e45d,2026-04-04T22:45:00+00:00,2026-04-04T22:44:00+00:00,67403.5,67343.25,24.1,1.5,12
0d73a0106a4f13eba8939bc3,CAND_SHORT_CTX_SPIKE_GE2_ENTRY_DELAY_1,BTCUSDT,H1_H2_CONTEXT_M1_REPLAY,SHORT,2026-04-05T00:31:00+00:00,2026-04-05T00:32:00+00:00,67213.6,67215.02,FIXED_R_MULTIPLE_1.5_OR_EXPIRY_12_BARS,2026-04-05_to_2026-04-05_run_001,research/results/short_reclaim_timing_survival_diagnostic_trades_2026-05-03.csv,SPRINT03_CTX_GE2_ENTRY_DELAY_1_V1,ba1b443f7af48986b29fe1e584d539129e27aea795df34753d1283e01b417f62,ctx_spike_count>=2;entry_delay_1;no_future_labels,3079d46a51a71e7b61c56082,2026-04-05T00:30:00+00:00,2026-04-05T00:29:00+00:00,67215.02,67211.47,1.42,1.5,12
318b91a1a409fdfa050a6937,CAND_SHORT_CTX_SPIKE_GE2_ENTRY_DELAY_1,BTCUSDT,H1_H2_CONTEXT_M1_REPLAY,SHORT,2026-04-05T01:30:00+00:00,2026-04-05T01:31:00+00:00,67101.6,67102.15,FIXED_R_MULTIPLE_1.5_OR_EXPIRY_12_BARS,2026-04-05_to_2026-04-05_run_001,research/results/short_reclaim_timing_survival_diagnostic_trades_2026-05-03.csv,SPRINT03_CTX_GE2_ENTRY_DELAY_1_V1,b2ccf3f8399c002a6a0823c0b1aedad13de4fcea27c2012f8de5ba6c3d471c62,ctx_spike_count>=2;entry_delay_1;no_future_labels,81691cb26add57ec3fd4e21b,2026-04-05T01:29:00+00:00,2026-04-05T01:27:00+00:00,67102.15,67100.775,0.55,1.5,12
0f35a840eecf4233f0d04955,CAND_SHORT_CTX_SPIKE_GE2_ENTRY_DELAY_1,BTCUSDT,H1_H2_CONTEXT_M1_REPLAY,SHORT,2026-04-05T03:04:00+00:00,2026-04-05T03:05:00+00:00,67150.2,67155.55,FIXED_R_MULTIPLE_1.5_OR_EXPIRY_12_BARS,2026-04-05_to_2026-04-05_run_001,research/results/short_reclaim_timing_survival_diagnostic_trades_2026-05-03.csv,SPRINT03_CTX_GE2_ENTRY_DELAY_1_V1,9fc5ac95fc8a03dfb35886c73cba998bfa1596ef87aa869d4fa2787398990b29,ctx_spike_count>=2;entry_delay_1;no_future_labels,6a71276e5d1d327bc816bdc2,2026-04-05T03:03:00+00:00,2026-04-05T03:02:00+00:00,67155.55,67142.175,5.35,1.5,12
d2fec586d702f9ffd4e37f9c,CAND_SHORT_CTX_SPIKE_GE2_ENTRY_DELAY_1,BTCUSDT,H1_H2_CONTEXT_M1_REPLAY,SHORT,2026-04-05T04:01:00+00:00,2026-04-05T04:02:00+00:00,67099.7,67101.26,FIXED_R_MULTIPLE_1.5_OR_EXPIRY_12_BARS,2026-04-05_to_2026-04-05_run_001,research/results/short_reclaim_timing_survival_diagnostic_trades_2026-05-03.csv,SPRINT03_CTX_GE2_ENTRY_DELAY_1_V1,e323becdfa27fed85abac686bb314f2a9c59de567c0a3d30dc1586287f1b7d00,ctx_spike_count>=2;entry_delay_1;no_future_labels,74cbd2f6e97e6eaaf5da2365,2026-04-05T04:00:00+00:00,2026-04-05T03:59:00+00:00,67101.26,67097.36,1.56,1.5,12
d56e76c54469f7a9692e7d57,CAND_SHORT_CTX_SPIKE_GE2_ENTRY_DELAY_1,BTCUSDT,H1_H2_CONTEXT_M1_REPLAY,SHORT,2026-04-05T04:35:00+00:00,2026-04-05T04:36:00+00:00,67137.0,67146.45,FIXED_R_MULTIPLE_1.5_OR_EXPIRY_12_BARS,2026-04-05_to_2026-04-05_run_001,research/results/short_reclaim_timing_survival_diagnostic_trades_2026-05-03.csv,SPRINT03_CTX_GE2_ENTRY_DELAY_1_V1,361986b8f884593ad785040497a69358aaccddb913e130f7efe9e4b37b54120a,ctx_spike_count>=2;entry_delay_1;no_future_labels,cce443daf3c035affb61cec7,2026-04-05T04:34:00+00:00,2026-04-05T04:28:00+00:00,67146.45,67122.825,9.45,1.5,12
8c6446730d40569f4b899a17,CAND_SHORT_CTX_SPIKE_GE2_ENTRY_DELAY_1,BTCUSDT,H1_H2_CONTEXT_M1_REPLAY,SHORT,2026-04-05T12:32:00+00:00,2026-04-05T12:33:00+00:00,66808.1,66846.85,FIXED_R_MULTIPLE_1.5_OR_EXPIRY_12_BARS,2026-04-05_to_2026-04-05_run_001,research/results/short_reclaim_timing_survival_diagnostic_trades_2026-05-03.csv,SPRINT03_CTX_GE2_ENTRY_DELAY_1_V1,fb2fd655d03b1f01eaafc2270bc2bf73916c77cef7bcd330030d1bf775693229,ctx_spike_count>=2;entry_delay_1;no_future_labels,afb6d65210f8d1a342755700,2026-04-05T12:31:00+00:00,2026-04-05T12:30:00+00:00,66846.85,66749.975,38.75,1.5,12
10a366b79fe0afd9e706e50c,CAND_SHORT_CTX_SPIKE_GE2_ENTRY_DELAY_1,BTCUSDT,H1_H2_CONTEXT_M1_REPLAY,SHORT,2026-04-05T20:26:00+00:00,2026-04-05T20:27:00+00:00,67420.5,67422.3,FIXED_R_MULTIPLE_1.5_OR_EXPIRY_12_BARS,2026-04-05_to_2026-04-05_run_001,research/results/short_reclaim_timing_survival_diagnostic_trades_2026-05-03.csv,SPRINT03_CTX_GE2_ENTRY_DELAY_1_V1,61e7206d9e19366c5cc5bacf2b0f5eb78ee63a4a7db2e1fa24fe28b5aaf1b4e9,ctx_spike_count>=2;entry_delay_1;no_future_labels,d8d56298d87b959060c2a378,2026-04-05T20:25:00+00:00,2026-04-05T20:24:00+00:00,67422.3,67417.8,1.8,1.5,12
0ac50cf238a09bc5c8216197,CAND_SHORT_CTX_SPIKE_GE2_ENTRY_DELAY_1,BTCUSDT,H1_H2_CONTEXT_M1_REPLAY,SHORT,2026-04-05T21:54:00+00:00,2026-04-05T21:55:00+00:00,67602.5,67616.45,FIXED_R_MULTIPLE_1.5_OR_EXPIRY_12_BARS,2026-04-05_to_2026-04-05_run_001,research/results/short_reclaim_timing_survival_diagnostic_trades_2026-05-03.csv,SPRINT03_CTX_GE2_ENTRY_DELAY_1_V1,009d280fb948c1da3151bcaa07f1e89e8d96d966aa961966b0d7f0e295993290,ctx_spike_count>=2;entry_delay_1;no_future_labels,ea63a49add58152a630299ae,2026-04-05T21:53:00+00:00,2026-04-05T21:52:00+00:00,67616.45,67581.575,13.95,1.5,12
d593ce32939cf8f066a14a2e,CAND_SHORT_CTX_SPIKE_GE2_ENTRY_DELAY_1,BTCUSDT,H1_H2_CONTEXT_M1_REPLAY,SHORT,2026-04-06T12:31:00+00:00,2026-04-06T12:32:00+00:00,69413.6,69421.4,FIXED_R_MULTIPLE_1.5_OR_EXPIRY_12_BARS,2026-04-06_to_2026-04-06_run_001,research/results/short_reclaim_timing_survival_diagnostic_trades_2026-05-03.csv,SPRINT03_CTX_GE2_ENTRY_DELAY_1_V1,c2107e10a3dc692344a0f007be628f4bf330f7fd5baad8fceb9f4e6bb1cfd6d3,ctx_spike_count>=2;entry_delay_1;no_future_labels,30dc83b5e5da63f99bf3b306,2026-04-06T12:30:00+00:00,2026-04-06T12:27:00+00:00,69421.4,69401.9,7.8,1.5,12
d8281c06154aa14ffcd1c246,CAND_SHORT_CTX_SPIKE_GE2_ENTRY_DELAY_1,BTCUSDT,H1_H2_CONTEXT_M1_REPLAY,SHORT,2026-04-06T14:39:00+00:00,2026-04-06T14:40:00+00:00,69373.0,69688.25,FIXED_R_MULTIPLE_1.5_OR_EXPIRY_12_BARS,2026-04-06_to_2026-04-06_run_001,research/results/short_reclaim_timing_survival_diagnostic_trades_2026-05-03.csv,SPRINT03_CTX_GE2_ENTRY_DELAY_1_V1,202f90e48f93092645a144e90c96e25eccd5ef8de9b43aff5b35273239d7dc89,ctx_spike_count>=2;entry_delay_1;no_future_labels,8a8f1f07ca04b7a49c3ed719,2026-04-06T14:38:00+00:00,2026-04-06T14:36:00+00:00,69688.25,68900.125,315.25,1.5,12
71a057b18c6a5afd32f4e311,CAND_SHORT_CTX_SPIKE_GE2_ENTRY_DELAY_1,BTCUSDT,H1_H2_CONTEXT_M1_REPLAY,SHORT,2026-04-06T16:50:00+00:00,2026-04-06T16:51:00+00:00,70190.0,70252.9,FIXED_R_MULTIPLE_1.5_OR_EXPIRY_12_BARS,2026-04-06_to_2026-04-06_run_001,research/results/short_reclaim_timing_survival_diagnostic_trades_2026-05-03.csv,SPRINT03_CTX_GE2_ENTRY_DELAY_1_V1,2e56c52a369cedecbe5852fd1fa10209eaaebdd7088d7542b4da4674a7e439c3,ctx_spike_count>=2;entry_delay_1;no_future_labels,f6206d949ab0d478d173d2aa,2026-04-06T16:49:00+00:00,2026-04-06T16:49:00+00:00,70252.9,70095.65,62.9,1.5,12
b7a9433b45b191f1a99522bc,CAND_SHORT_CTX_SPIKE_GE2_ENTRY_DELAY_1,BTCUSDT,H1_H2_CONTEXT_M1_REPLAY,SHORT,2026-04-06T16:50:00+00:00,2026-04-06T16:51:00+00:00,70190.0,70252.9,FIXED_R_MULTIPLE_1.5_OR_EXPIRY_12_BARS,2026-04-06_to_2026-04-06_run_001,research/results/short_reclaim_timing_survival_diagnostic_trades_2026-05-03.csv,SPRINT03_CTX_GE2_ENTRY_DELAY_1_V1,f72445bccc31e7ab28529ea4c240bb0e768c1e96f5727ec7f40e5c43cb5b3878,ctx_spike_count>=2;entry_delay_1;no_future_labels,4b80bd0b6121844f836217cc,2026-04-06T16:49:00+00:00,2026-04-06T16:49:00+00:00,70252.9,70095.65,62.9,1.5,12
dd9a7e7c2670cf5baa6319a3,CAND_SHORT_CTX_SPIKE_GE2_ENTRY_DELAY_1,BTCUSDT,H1_H2_CONTEXT_M1_REPLAY,SHORT,2026-04-07T04:18:00+00:00,2026-04-07T04:19:00+00:00,68613.5,68616.65,FIXED_R_MULTIPLE_1.5_OR_EXPIRY_12_BARS,2026-04-07_to_2026-04-07_run_001,research/results/short_reclaim_timing_survival_diagnostic_trades_2026-05-03.csv,SPRINT03_CTX_GE2_ENTRY_DELAY_1_V1,e8d80550a1e7bf323bfef80050d0e3a6c2d4b309b040193e6be515ce61af962f,ctx_spike_count>=2;entry_delay_1;no_future_labels,8af10e68c3c77973c874568e,2026-04-07T04:17:00+00:00,2026-04-07T04:14:00+00:00,68616.65,68608.775,3.15,1.5,12
3231aaa1d0404eff450d9a05,CAND_SHORT_CTX_SPIKE_GE2_ENTRY_DELAY_1,BTCUSDT,H1_H2_CONTEXT_M1_REPLAY,SHORT,2026-04-07T12:57:00+00:00,2026-04-07T12:58:00+00:00,68423.3,68435.1,FIXED_R_MULTIPLE_1.5_OR_EXPIRY_12_BARS,2026-04-07_to_2026-04-07_run_001,research/results/short_reclaim_timing_survival_diagnostic_trades_2026-05-03.csv,SPRINT03_CTX_GE2_ENTRY_DELAY_1_V1,71582566ada288a7f37b6b7cefee8d72d11b2cf62fb329528075cdda1956f8bb,ctx_spike_count>=2;entry_delay_1;no_future_labels,59dd0c283f83c7a2de24ec10,2026-04-07T12:56:00+00:00,2026-04-07T12:55:00+00:00,68435.1,68405.6,11.8,1.5,12
a8b5b406beba06ec8abb62e4,CAND_SHORT_CTX_SPIKE_GE2_ENTRY_DELAY_1,BTCUSDT,H1_H2_CONTEXT_M1_REPLAY,SHORT,2026-04-07T16:04:00+00:00,2026-04-07T16:05:00+00:00,68274.4,68284.05,FIXED_R_MULTIPLE_1.5_OR_EXPIRY_12_BARS,2026-04-07_to_2026-04-07_run_001,research/results/short_reclaim_timing_survival_diagnostic_trades_2026-05-03.csv,SPRINT03_CTX_GE2_ENTRY_DELAY_1_V1,2ccbf4dcc83418212ac6c3dbaaf1b1a0fc35553ba78e5d152d4f3b41984196c5,ctx_spike_count>=2;entry_delay_1;no_future_labels,790296fe880fe9a3a0d69d0a,2026-04-07T16:03:00+00:00,2026-04-07T16:02:00+00:00,68284.05,68259.925,9.65,1.5,12
cac88fbaf4369d17adc01428,CAND_SHORT_CTX_SPIKE_GE2_ENTRY_DELAY_1,BTCUSDT,H1_H2_CONTEXT_M1_REPLAY,SHORT,2026-04-08T02:36:00+00:00,2026-04-08T02:37:00+00:00,71250.0,71306.95,FIXED_R_MULTIPLE_1.5_OR_EXPIRY_12_BARS,2026-04-08_to_2026-04-08_run_001,research/results/short_reclaim_timing_survival_diagnostic_trades_2026-05-03.csv,SPRINT03_CTX_GE2_ENTRY_DELAY_1_V1,886dcf8a20d1e6740b45cf159b3ebd329a7d8c26b7b32f34804bcfeb24db4878,ctx_spike_count>=2;entry_delay_1;no_future_labels,844775ff46bae46652da14aa,2026-04-08T02:35:00+00:00,2026-04-08T02:34:00+00:00,71306.95,71164.575,56.95,1.5,12
425ef851d6d35c07804be7f3,CAND_SHORT_CTX_SPIKE_GE2_ENTRY_DELAY_1,BTCUSDT,H1_H2_CONTEXT_M1_REPLAY,SHORT,2026-04-08T04:30:00+00:00,2026-04-08T04:31:00+00:00,71534.3,71541.25,FIXED_R_MULTIPLE_1.5_OR_EXPIRY_12_BARS,2026-04-08_to_2026-04-08_run_001,research/results/short_reclaim_timing_survival_diagnostic_trades_2026-05-03.csv,SPRINT03_CTX_GE2_ENTRY_DELAY_1_V1,f1aef6522b449fa6c213c1308f13bcca6884a588f21296f48493b57ccc690c73,ctx_spike_count>=2;entry_delay_1;no_future_labels,38b658f5fa6ff3d6e46e62fe,2026-04-08T04:29:00+00:00,2026-04-08T04:28:00+00:00,71541.25,71523.875,6.95,1.5,12
ee586f97c664c1f0f66fcf3a,CAND_SHORT_CTX_SPIKE_GE2_ENTRY_DELAY_1,BTCUSDT,H1_H2_CONTEXT_M1_REPLAY,SHORT,2026-04-08T05:54:00+00:00,2026-04-08T05:55:00+00:00,71706.7,71713.1,FIXED_R_MULTIPLE_1.5_OR_EXPIRY_12_BARS,2026-04-08_to_2026-04-08_run_001,research/results/short_reclaim_timing_survival_diagnostic_trades_2026-05-03.csv,SPRINT03_CTX_GE2_ENTRY_DELAY_1_V1,86a50e10f333e05f1616caab61472737fbb20b80b037ae07f2e7607ed522e292,ctx_spike_count>=2;entry_delay_1;no_future_labels,4a84bbd2715ba76da575bd1b,2026-04-08T05:53:00+00:00,2026-04-08T05:50:00+00:00,71713.1,71697.1,6.4,1.5,12
6bde255b15b1a6e7886a0f23,CAND_SHORT_CTX_SPIKE_GE2_ENTRY_DELAY_1,BTCUSDT,H1_H2_CONTEXT_M1_REPLAY,SHORT,2026-04-08T06:56:00+00:00,2026-04-08T06:57:00+00:00,71689.9,71704.5,FIXED_R_MULTIPLE_1.5_OR_EXPIRY_12_BARS,2026-04-08_to_2026-04-08_run_001,research/results/short_reclaim_timing_survival_diagnostic_trades_2026-05-03.csv,SPRINT03_CTX_GE2_ENTRY_DELAY_1_V1,605e7ef20188d13c776f1586a3e7ccc2ab21c9285c17809a90ba9f26dd7ee03c,ctx_spike_count>=2;entry_delay_1;no_future_labels,6afa7aa586357b0f006ddf61,2026-04-08T06:55:00+00:00,2026-04-08T06:54:00+00:00,71704.5,71668.0,14.6,1.5,12
7f1796196e84f8fd7c7b6f0b,CAND_SHORT_CTX_SPIKE_GE2_ENTRY_DELAY_1,BTCUSDT,H1_H2_CONTEXT_M1_REPLAY,SHORT,2026-04-08T09:08:00+00:00,2026-04-08T09:09:00+00:00,71877.6,71919.0,FIXED_R_MULTIPLE_1.5_OR_EXPIRY_12_BARS,2026-04-08_to_2026-04-08_run_001,research/results/short_reclaim_timing_survival_diagnostic_trades_2026-05-03.csv,SPRINT03_CTX_GE2_ENTRY_DELAY_1_V1,da2b8963cfa2367489a83d1e3f14f3fde1171d2a42e5d10a57ba422b76d74df3,ctx_spike_count>=2;entry_delay_1;no_future_labels,034cc5260801d3b36060e0c8,2026-04-08T09:07:00+00:00,2026-04-08T09:07:00+00:00,71919.0,71815.5,41.4,1.5,12
21c28f3d35807d1f72787053,CAND_SHORT_CTX_SPIKE_GE2_ENTRY_DELAY_1,BTCUSDT,H1_H2_CONTEXT_M1_REPLAY,SHORT,2026-04-08T09:10:00+00:00,2026-04-08T09:11:00+00:00,71810.1,71821.81,FIXED_R_MULTIPLE_1.5_OR_EXPIRY_12_BARS,2026-04-08_to_2026-04-08_run_001,research/results/short_reclaim_timing_survival_diagnostic_trades_2026-05-03.csv,SPRINT03_CTX_GE2_ENTRY_DELAY_1_V1,d3e7f0b8c69744d8218df51a3a86dc10590074316a82445b926783904759571d,ctx_spike_count>=2;entry_delay_1;no_future_labels,6324757e3e9593b29564cfd7,2026-04-08T09:09:00+00:00,2026-04-08T09:04:00+00:00,71821.81,71792.535,11.71,1.5,12
c18f84ac93455e475cca7dad,CAND_SHORT_CTX_SPIKE_GE2_ENTRY_DELAY_1,BTCUSDT,H1_H2_CONTEXT_M1_REPLAY,SHORT,2026-04-08T10:11:00+00:00,2026-04-08T10:12:00+00:00,71600.2,71617.53,FIXED_R_MULTIPLE_1.5_OR_EXPIRY_12_BARS,2026-04-08_to_2026-04-08_run_001,research/results/short_reclaim_timing_survival_diagnostic_trades_2026-05-03.csv,SPRINT03_CTX_GE2_ENTRY_DELAY_1_V1,31d8c138eb66cb994bcb19559ef04952927635a12545b29ab736febfeb5cdfd1,ctx_spike_count>=2;entry_delay_1;no_future_labels,6c005b0a66d6cd85f9f3d67d,2026-04-08T10:10:00+00:00,2026-04-08T10:05:00+00:00,71617.53,71574.205,17.33,1.5,12
046764f9e1e26a2927f24df6,CAND_SHORT_CTX_SPIKE_GE2_ENTRY_DELAY_1,BTCUSDT,H1_H2_CONTEXT_M1_REPLAY,SHORT,2026-04-08T17:38:00+00:00,2026-04-08T17:39:00+00:00,71750.3,71798.25,FIXED_R_MULTIPLE_1.5_OR_EXPIRY_12_BARS,2026-04-08_to_2026-04-08_run_001,research/results/short_reclaim_timing_survival_diagnostic_trades_2026-05-03.csv,SPRINT03_CTX_GE2_ENTRY_DELAY_1_V1,b259e7ffdf936a48295cb7783b9951bf7ab3ae31fad4e4e61ba0eb73dbd21920,ctx_spike_count>=2;entry_delay_1;no_future_labels,293c9a2d196ff6992f3de81d,2026-04-08T17:37:00+00:00,2026-04-08T17:36:00+00:00,71798.25,71678.375,47.95,1.5,12
eeb01f01ffca639a8f8f5b28,CAND_SHORT_CTX_SPIKE_GE2_ENTRY_DELAY_1,BTCUSDT,H1_H2_CONTEXT_M1_REPLAY,SHORT,2026-04-09T13:39:00+00:00,2026-04-09T13:40:00+00:00,70826.1,70913.03,FIXED_R_MULTIPLE_1.5_OR_EXPIRY_12_BARS,2026-04-09_to_2026-04-09_run_001,research/results/short_reclaim_timing_survival_diagnostic_trades_2026-05-03.csv,SPRINT03_CTX_GE2_ENTRY_DELAY_1_V1,333ce9fa33fef7a9c0d4b7d8686832a8c5512ce48160fd64d271a0ecd87a7ac8,ctx_spike_count>=2;entry_delay_1;no_future_labels,c5870e9df2cc37ff0f4e3276,2026-04-09T13:38:00+00:00,2026-04-09T13:33:00+00:00,70913.03,70695.705,86.93,1.5,12
71665436733968e12220dfc6,CAND_SHORT_CTX_SPIKE_GE2_ENTRY_DELAY_1,BTCUSDT,H1_H2_CONTEXT_M1_REPLAY,SHORT,2026-04-09T21:09:00+00:00,2026-04-09T21:10:00+00:00,72415.7,72517.9,FIXED_R_MULTIPLE_1.5_OR_EXPIRY_12_BARS,2026-04-09_to_2026-04-09_run_001,research/results/short_reclaim_timing_survival_diagnostic_trades_2026-05-03.csv,SPRINT03_CTX_GE2_ENTRY_DELAY_1_V1,adfb95b4d5c1a575be7d4a9fe7ae088d1c1a0169766139bf82b0eab719a700ec,ctx_spike_count>=2;entry_delay_1;no_future_labels,8d12a55bd5b79e74f0e822ce,2026-04-09T21:08:00+00:00,2026-04-09T21:08:00+00:00,72517.9,72262.4,102.2,1.5,12
280bd4fa62eee76d5295c105,CAND_SHORT_CTX_SPIKE_GE2_ENTRY_DELAY_1,BTCUSDT,H1_H2_CONTEXT_M1_REPLAY,SHORT,2026-04-09T21:10:00+00:00,2026-04-09T21:11:00+00:00,72234.3,72401.4,FIXED_R_MULTIPLE_1.5_OR_EXPIRY_12_BARS,2026-04-09_to_2026-04-09_run_001,research/results/short_reclaim_timing_survival_diagnostic_trades_2026-05-03.csv,SPRINT03_CTX_GE2_ENTRY_DELAY_1_V1,60baf8cf2e2db66e4b4c27f3ba92ff0591bc4c069d176abfa3ffbc172b2cc629,ctx_spike_count>=2;entry_delay_1;no_future_labels,888397d7a39ce3a6cac8cc40,2026-04-09T21:09:00+00:00,2026-04-09T21:03:00+00:00,72401.4,71983.65,167.1,1.5,12
49fb8144ce8a07847fc8e000,CAND_SHORT_CTX_SPIKE_GE2_ENTRY_DELAY_1,BTCUSDT,H1_H2_CONTEXT_M1_REPLAY,SHORT,2026-04-10T07:55:00+00:00,2026-04-10T07:56:00+00:00,71409.7,71472.6,FIXED_R_MULTIPLE_1.5_OR_EXPIRY_12_BARS,2026-04-10_to_2026-04-10_run_001,research/results/short_reclaim_timing_survival_diagnostic_trades_2026-05-03.csv,SPRINT03_CTX_GE2_ENTRY_DELAY_1_V1,22fca31b7b7d9c43ab10b96980d34a6cfe4137a8ced973bd470f574bf7956767,ctx_spike_count>=2;entry_delay_1;no_future_labels,4522e1ad733cdde6bc9ee859,2026-04-10T07:54:00+00:00,2026-04-10T07:53:00+00:00,71472.6,71315.35,62.9,1.5,12
d2c1bdd84d68224aebdc0e36,CAND_SHORT_CTX_SPIKE_GE2_ENTRY_DELAY_1,BTCUSDT,H1_H2_CONTEXT_M1_REPLAY,SHORT,2026-04-10T10:07:00+00:00,2026-04-10T10:08:00+00:00,71692.8,71732.06,FIXED_R_MULTIPLE_1.5_OR_EXPIRY_12_BARS,2026-04-10_to_2026-04-10_run_001,research/results/short_reclaim_timing_survival_diagnostic_trades_2026-05-03.csv,SPRINT03_CTX_GE2_ENTRY_DELAY_1_V1,2c9b2c0fa608e4716a24017d5d0a1ce5bcc76ba4030591f25248e401d9b730bd,ctx_spike_count>=2;entry_delay_1;no_future_labels,f51f441c3550ad4372ddce8a,2026-04-10T10:06:00+00:00,2026-04-10T10:01:00+00:00,71732.06,71633.91,39.26,1.5,12
788ab1905411039fde3253c4,CAND_SHORT_CTX_SPIKE_GE2_ENTRY_DELAY_1,BTCUSDT,H1_H2_CONTEXT_M1_REPLAY,SHORT,2026-04-10T12:23:00+00:00,2026-04-10T12:24:00+00:00,72232.0,72243.6,FIXED_R_MULTIPLE_1.5_OR_EXPIRY_12_BARS,2026-04-10_to_2026-04-10_run_001,research/results/short_reclaim_timing_survival_diagnostic_trades_2026-05-03.csv,SPRINT03_CTX_GE2_ENTRY_DELAY_1_V1,3693d95fadb0f82f80feb434aea470d62645744cb40c116eea0adf1949436249,ctx_spike_count>=2;entry_delay_1;no_future_labels,c32bd24481947a7472beebc3,2026-04-10T12:22:00+00:00,2026-04-10T12:22:00+00:00,72243.6,72214.6,11.6,1.5,12
7f5858f3255b19877778dfb0,CAND_SHORT_CTX_SPIKE_GE2_ENTRY_DELAY_1,BTCUSDT,H1_H2_CONTEXT_M1_REPLAY,SHORT,2026-04-10T12:24:00+00:00,2026-04-10T12:25:00+00:00,72074.8,72080.88,FIXED_R_MULTIPLE_1.5_OR_EXPIRY_12_BARS,2026-04-10_to_2026-04-10_run_001,research/results/short_reclaim_timing_survival_diagnostic_trades_2026-05-03.csv,SPRINT03_CTX_GE2_ENTRY_DELAY_1_V1,1d4df02e4370a5072399b6e6866cb35769157a1678647aae86b00139a9c3f298,ctx_spike_count>=2;entry_delay_1;no_future_labels,eab1784254b33de98b7d6ac2,2026-04-10T12:23:00+00:00,2026-04-10T12:18:00+00:00,72080.88,72065.68,6.08,1.5,12
8e5e4c6c1982dc03c11e105a,CAND_SHORT_CTX_SPIKE_GE2_ENTRY_DELAY_1,BTCUSDT,H1_H2_CONTEXT_M1_REPLAY,SHORT,2026-04-10T15:26:00+00:00,2026-04-10T15:27:00+00:00,73128.1,73155.15,FIXED_R_MULTIPLE_1.5_OR_EXPIRY_12_BARS,2026-04-10_to_2026-04-10_run_001,research/results/short_reclaim_timing_survival_diagnostic_trades_2026-05-03.csv,SPRINT03_CTX_GE2_ENTRY_DELAY_1_V1,ba78c37da72eb794e5599a1cc125f28e0e2ae8f4b1e184009c1adedd92329412,ctx_spike_count>=2;entry_delay_1;no_future_labels,a1124e200be387703198619e,2026-04-10T15:25:00+00:00,2026-04-10T15:24:00+00:00,73155.15,73087.525,27.05,1.5,12
72b5d6751a8caf4e6917893c,CAND_SHORT_CTX_SPIKE_GE2_ENTRY_DELAY_1,BTCUSDT,H1_H2_CONTEXT_M1_REPLAY,SHORT,2026-04-10T19:16:00+00:00,2026-04-10T19:17:00+00:00,73081.7,73128.2,FIXED_R_MULTIPLE_1.5_OR_EXPIRY_12_BARS,2026-04-10_to_2026-04-10_run_001,research/results/short_reclaim_timing_survival_diagnostic_trades_2026-05-03.csv,SPRINT03_CTX_GE2_ENTRY_DELAY_1_V1,9ad8a11c56b09b0f743176c1b105bbe1210807d1acae9be166dda583fe9c2f17,ctx_spike_count>=2;entry_delay_1;no_future_labels,88e3b3080f8c2bb38ac8a684,2026-04-10T19:15:00+00:00,2026-04-10T19:11:00+00:00,73128.2,73011.95,46.5,1.5,12
5b27dd192088e4113fa3fa05,CAND_SHORT_CTX_SPIKE_GE2_ENTRY_DELAY_1,BTCUSDT,H1_H2_CONTEXT_M1_REPLAY,SHORT,2026-04-11T04:20:00+00:00,2026-04-11T04:21:00+00:00,72695.3,72711.84,FIXED_R_MULTIPLE_1.5_OR_EXPIRY_12_BARS,2026-04-11_to_2026-04-11_run_001,research/results/short_reclaim_timing_survival_diagnostic_trades_2026-05-03.csv,SPRINT03_CTX_GE2_ENTRY_DELAY_1_V1,372ccce9193817b910e05b9e5bea7a72a89e4f0008af1900b2a98159c8be9cea,ctx_spike_count>=2;entry_delay_1;no_future_labels,13b977f6d2b30798de32566d,2026-04-11T04:19:00+00:00,2026-04-11T04:17:00+00:00,72711.84,72670.49,16.54,1.5,12
0c2a2a15434b89093806aa2e,CAND_SHORT_CTX_SPIKE_GE2_ENTRY_DELAY_1,BTCUSDT,H1_H2_CONTEXT_M1_REPLAY,SHORT,2026-04-11T12:05:00+00:00,2026-04-11T12:06:00+00:00,72881.3,72886.0,FIXED_R_MULTIPLE_1.5_OR_EXPIRY_12_BARS,2026-04-11_to_2026-04-11_run_001,research/results/short_reclaim_timing_survival_diagnostic_trades_2026-05-03.csv,SPRINT03_CTX_GE2_ENTRY_DELAY_1_V1,8fdcbd945a08bd379185533c851d880d12031a6b84f3e1a7625306382362a015,ctx_spike_count>=2;entry_delay_1;no_future_labels,fff3841e0cb54020ca7d3321,2026-04-11T12:04:00+00:00,2026-04-11T12:04:00+00:00,72886.0,72874.25,4.7,1.5,12
591f4e10facbb990c1a763e7,CAND_SHORT_CTX_SPIKE_GE2_ENTRY_DELAY_1,BTCUSDT,H1_H2_CONTEXT_M1_REPLAY,SHORT,2026-04-11T18:33:00+00:00,2026-04-11T18:34:00+00:00,73165.3,73189.9,FIXED_R_MULTIPLE_1.5_OR_EXPIRY_12_BARS,2026-04-11_to_2026-04-11_run_001,research/results/short_reclaim_timing_survival_diagnostic_trades_2026-05-03.csv,SPRINT03_CTX_GE2_ENTRY_DELAY_1_V1,0834b4062436fd0c88cc9f646aafc82dcb7d1e9e32a6342820a48bc4c2faa77e,ctx_spike_count>=2;entry_delay_1;no_future_labels,b66680312143d4045df40856,2026-04-11T18:32:00+00:00,2026-04-11T18:30:00+00:00,73189.9,73128.4,24.6,1.5,12
cceb94a646c7f7deede86225,CAND_SHORT_CTX_SPIKE_GE2_ENTRY_DELAY_1,BTCUSDT,H1_H2_CONTEXT_M1_REPLAY,SHORT,2026-04-11T19:34:00+00:00,2026-04-11T19:35:00+00:00,73658.9,73677.46,FIXED_R_MULTIPLE_1.5_OR_EXPIRY_12_BARS,2026-04-11_to_2026-04-11_run_001,research/results/short_reclaim_timing_survival_diagnostic_trades_2026-05-03.csv,SPRINT03_CTX_GE2_ENTRY_DELAY_1_V1,2246f5c1e20ca5a62bc414bb743652a4dd176d06c7f6cfecea86fa51b98c2c19,ctx_spike_count>=2;entry_delay_1;no_future_labels,241a1229a0a4a92e440ebe11,2026-04-11T19:33:00+00:00,2026-04-11T19:32:00+00:00,73677.46,73631.06,18.56,1.5,12
fa4cbb17d5fde514acd14675,CAND_SHORT_CTX_SPIKE_GE2_ENTRY_DELAY_1,BTCUSDT,H1_H2_CONTEXT_M1_REPLAY,SHORT,2026-04-11T21:25:00+00:00,2026-04-11T21:26:00+00:00,73299.9,73319.59,FIXED_R_MULTIPLE_1.5_OR_EXPIRY_12_BARS,2026-04-11_to_2026-04-11_run_001,research/results/short_reclaim_timing_survival_diagnostic_trades_2026-05-03.csv,SPRINT03_CTX_GE2_ENTRY_DELAY_1_V1,582f60455d420ce0695ebcd53d66e9691a2991a84a7e24679a104f1584efa823,ctx_spike_count>=2;entry_delay_1;no_future_labels,5c10ba8576899940182dffe1,2026-04-11T21:24:00+00:00,2026-04-11T21:23:00+00:00,73319.59,73270.365,19.69,1.5,12
72ad26c78c8d70d48f990e7f,CAND_SHORT_CTX_SPIKE_GE2_ENTRY_DELAY_1,BTCUSDT,H1_H2_CONTEXT_M1_REPLAY,SHORT,2026-04-12T01:42:00+00:00,2026-04-12T01:43:00+00:00,71900.1,72064.01,FIXED_R_MULTIPLE_1.5_OR_EXPIRY_12_BARS,2026-04-12_to_2026-04-12_run_001,research/results/short_reclaim_timing_survival_diagnostic_trades_2026-05-03.csv,SPRINT03_CTX_GE2_ENTRY_DELAY_1_V1,4b46bfbaf420ca6b9bb30ed8a794454b8c8cb33240e173f1ad87a02a24243166,ctx_spike_count>=2;entry_delay_1;no_future_labels,9aad359d3ab989503796e887,2026-04-12T01:41:00+00:00,2026-04-12T01:39:00+00:00,72064.01,71654.235,163.91,1.5,12
760d79527d672d7ed3b7c740,CAND_SHORT_CTX_SPIKE_GE2_ENTRY_DELAY_1,BTCUSDT,H1_H2_CONTEXT_M1_REPLAY,SHORT,2026-04-12T12:55:00+00:00,2026-04-12T12:56:00+00:00,71117.5,71124.9,FIXED_R_MULTIPLE_1.5_OR_EXPIRY_12_BARS,2026-04-12_to_2026-04-12_run_001,research/results/short_reclaim_timing_survival_diagnostic_trades_2026-05-03.csv,SPRINT03_CTX_GE2_ENTRY_DELAY_1_V1,835b41ca08ba47ebe3a9f872d243d52f90c9e1717bf37c848cc285449617836d,ctx_spike_count>=2;entry_delay_1;no_future_labels,4d219901fccfaea3f8e1bc59,2026-04-12T12:54:00+00:00,2026-04-12T12:53:00+00:00,71124.9,71106.4,7.4,1.5,12
ef103efd72b664afd728fb99,CAND_SHORT_CTX_SPIKE_GE2_ENTRY_DELAY_1,BTCUSDT,H1_H2_CONTEXT_M1_REPLAY,SHORT,2026-04-12T16:53:00+00:00,2026-04-12T16:54:00+00:00,70822.0,70831.08,FIXED_R_MULTIPLE_1.5_OR_EXPIRY_12_BARS,2026-04-12_to_2026-04-12_run_001,research/results/short_reclaim_timing_survival_diagnostic_trades_2026-05-03.csv,SPRINT03_CTX_GE2_ENTRY_DELAY_1_V1,b52ce2e51acb8c064f7b44c416b0856229f1187560756a03a6c168a73a4eee19,ctx_spike_count>=2;entry_delay_1;no_future_labels,35f1be3c132f8a32326a9c44,2026-04-12T16:52:00+00:00,2026-04-12T16:51:00+00:00,70831.08,70808.38,9.08,1.5,12
1f8bffec58f5a8b8f38c465e,CAND_SHORT_CTX_SPIKE_GE2_ENTRY_DELAY_1,BTCUSDT,H1_H2_CONTEXT_M1_REPLAY,SHORT,2026-04-12T19:15:00+00:00,2026-04-12T19:16:00+00:00,71100.0,71130.55,FIXED_R_MULTIPLE_1.5_OR_EXPIRY_12_BARS,2026-04-12_to_2026-04-12_run_001,research/results/short_reclaim_timing_survival_diagnostic_trades_2026-05-03.csv,SPRINT03_CTX_GE2_ENTRY_DELAY_1_V1,6a345c4e3f3f44e358d477fb21549184bb2f3289f1c2aa5e0d141405736cf607,ctx_spike_count>=2;entry_delay_1;no_future_labels,d15edd330069ccf1a799cfa8,2026-04-12T19:14:00+00:00,2026-04-12T19:10:00+00:00,71130.55,71054.175,30.55,1.5,12
ad82cf303acdb27aa31b3a68,CAND_SHORT_CTX_SPIKE_GE2_ENTRY_DELAY_1,BTCUSDT,H1_H2_CONTEXT_M1_REPLAY,SHORT,2026-04-12T19:46:00+00:00,2026-04-12T19:47:00+00:00,71059.7,71063.63,FIXED_R_MULTIPLE_1.5_OR_EXPIRY_12_BARS,2026-04-12_to_2026-04-12_run_001,research/results/short_reclaim_timing_survival_diagnostic_trades_2026-05-03.csv,SPRINT03_CTX_GE2_ENTRY_DELAY_1_V1,9241d28b87a2e2f6ac24e6625c2f5019fd7c222295a7c6237ffe0a22f4aaccba,ctx_spike_count>=2;entry_delay_1;no_future_labels,5f7a6b59411abc86012cb251,2026-04-12T19:45:00+00:00,2026-04-12T19:39:00+00:00,71063.63,71053.805,3.93,1.5,12
966e4fa652ac45016f3717c6,CAND_SHORT_CTX_SPIKE_GE2_ENTRY_DELAY_1,BTCUSDT,H1_H2_CONTEXT_M1_REPLAY,SHORT,2026-04-12T19:57:00+00:00,2026-04-12T19:58:00+00:00,71053.1,71071.65,FIXED_R_MULTIPLE_1.5_OR_EXPIRY_12_BARS,2026-04-12_to_2026-04-12_run_001,research/results/short_reclaim_timing_survival_diagnostic_trades_2026-05-03.csv,SPRINT03_CTX_GE2_ENTRY_DELAY_1_V1,9ec8bf7f2a0dc20786e769aea3b40557d1ee6ed9200f300c42d053f91c904e4a,ctx_spike_count>=2;entry_delay_1;no_future_labels,4089039a8bfe5c66a8ee8122,2026-04-12T19:56:00+00:00,2026-04-12T19:54:00+00:00,71071.65,71025.275,18.55,1.5,12
53c51b336a700d876de53879,CAND_SHORT_CTX_SPIKE_GE2_ENTRY_DELAY_1,BTCUSDT,H1_H2_CONTEXT_M1_REPLAY,SHORT,2026-04-12T22:01:00+00:00,2026-04-12T22:02:00+00:00,70902.0,71279.3,FIXED_R_MULTIPLE_1.5_OR_EXPIRY_12_BARS,2026-04-12_to_2026-04-12_run_001,research/results/short_reclaim_timing_survival_diagnostic_trades_2026-05-03.csv,SPRINT03_CTX_GE2_ENTRY_DELAY_1_V1,2918a99a8e596a904b47c736e2c8fc54267eb89aad7e8b054a5ef22d6518f5f8,ctx_spike_count>=2;entry_delay_1;no_future_labels,c64b96247f9f466f60266904,2026-04-12T22:00:00+00:00,2026-04-12T21:59:00+00:00,71279.3,70336.05,377.3,1.5,12
dca5872e4ff7489250f572c9,CAND_SHORT_CTX_SPIKE_GE2_ENTRY_DELAY_1,BTCUSDT,H1_H2_CONTEXT_M1_REPLAY,SHORT,2026-04-13T00:29:00+00:00,2026-04-13T00:30:00+00:00,70978.1,70997.95,FIXED_R_MULTIPLE_1.5_OR_EXPIRY_12_BARS,2026-04-13_to_2026-04-13_run_001,research/results/short_reclaim_timing_survival_diagnostic_trades_2026-05-03.csv,SPRINT03_CTX_GE2_ENTRY_DELAY_1_V1,498e21070cc264c9b8636ccff84e5ba4f3d6989dcf45d43ab3074acaa4f5bfa8,ctx_spike_count>=2;entry_delay_1;no_future_labels,3611c2524398262d46f82e1a,2026-04-13T00:28:00+00:00,2026-04-13T00:27:00+00:00,70997.95,70948.325,19.85,1.5,12
5081169a504d0aebab84510f,CAND_SHORT_CTX_SPIKE_GE2_ENTRY_DELAY_1,BTCUSDT,H1_H2_CONTEXT_M1_REPLAY,SHORT,2026-04-13T19:01:00+00:00,2026-04-13T19:02:00+00:00,72361.7,72374.75,FIXED_R_MULTIPLE_1.5_OR_EXPIRY_12_BARS,2026-04-13_to_2026-04-13_run_001,research/results/short_reclaim_timing_survival_diagnostic_trades_2026-05-03.csv,SPRINT03_CTX_GE2_ENTRY_DELAY_1_V1,8ad2a77e6fdd6ef4b95afd8ed26584bc14df9f089633b6f974e127d89b98fe2e,ctx_spike_count>=2;entry_delay_1;no_future_labels,59f3c2b4141c072ab2685740,2026-04-13T19:00:00+00:00,2026-04-13T18:55:00+00:00,72374.75,72342.125,13.05,1.5,12
4b21a013fe4e9fdc8d39d158,CAND_SHORT_CTX_SPIKE_GE2_ENTRY_DELAY_1,BTCUSDT,H1_H2_CONTEXT_M1_REPLAY,SHORT,2026-04-13T19:18:00+00:00,2026-04-13T19:19:00+00:00,72415.2,72549.2,FIXED_R_MULTIPLE_1.5_OR_EXPIRY_12_BARS,2026-04-13_to_2026-04-13_run_001,research/results/short_reclaim_timing_survival_diagnostic_trades_2026-05-03.csv,SPRINT03_CTX_GE2_ENTRY_DELAY_1_V1,e5b3562f171404081f7eeccb0a538c963a3ff92074b668c296f2b750d7382ff6,ctx_spike_count>=2;entry_delay_1;no_future_labels,7db4c4a005a9b026b408346b,2026-04-13T19:17:00+00:00,2026-04-13T19:17:00+00:00,72549.2,72214.2,134.0,1.5,12
447dacecf93217091601c56f,CAND_SHORT_CTX_SPIKE_GE2_ENTRY_DELAY_1,BTCUSDT,H1_H2_CONTEXT_M1_REPLAY,SHORT,2026-04-14T07:11:00+00:00,2026-04-14T07:12:00+00:00,74690.8,74755.9,FIXED_R_MULTIPLE_1.5_OR_EXPIRY_12_BARS,2026-04-14_to_2026-04-14_run_001,research/results/short_reclaim_timing_survival_diagnostic_trades_2026-05-03.csv,SPRINT03_CTX_GE2_ENTRY_DELAY_1_V1,ec3ab41dcb71cac3be3229f6267da772a983b0cdc362a36e295d268c1eac9af5,ctx_spike_count>=2;entry_delay_1;no_future_labels,b2d4feb8ea524b2be9658e3f,2026-04-14T07:10:00+00:00,2026-04-14T07:09:00+00:00,74755.9,74593.15,65.1,1.5,12
81a9b42eddf5075334a3ad99,CAND_SHORT_CTX_SPIKE_GE2_ENTRY_DELAY_1,BTCUSDT,H1_H2_CONTEXT_M1_REPLAY,SHORT,2026-04-14T20:05:00+00:00,2026-04-14T20:06:00+00:00,74238.7,74298.05,FIXED_R_MULTIPLE_1.5_OR_EXPIRY_12_BARS,2026-04-14_to_2026-04-14_run_001,research/results/short_reclaim_timing_survival_diagnostic_trades_2026-05-03.csv,SPRINT03_CTX_GE2_ENTRY_DELAY_1_V1,41661eea10fecf8efdbd255b265207832abf7c1434c15c4807a0eca6f4aa366c,ctx_spike_count>=2;entry_delay_1;no_future_labels,c79bd70b4c33e456b5c0c45f,2026-04-14T20:04:00+00:00,2026-04-14T20:02:00+00:00,74298.05,74149.675,59.35,1.5,12
306ab5d4e4e20e326f94ca1d,CAND_SHORT_CTX_SPIKE_GE2_ENTRY_DELAY_1,BTCUSDT,H1_H2_CONTEXT_M1_REPLAY,SHORT,2026-04-15T01:09:00+00:00,2026-04-15T01:10:00+00:00,74630.2,74666.4,FIXED_R_MULTIPLE_1.5_OR_EXPIRY_12_BARS,2026-04-15_to_2026-04-15_run_001,research/results/short_reclaim_timing_survival_diagnostic_trades_2026-05-03.csv,SPRINT03_CTX_GE2_ENTRY_DELAY_1_V1,e37627ccc2993109a93781364cad16100199b02424c8981a79f3679af52e8178,ctx_spike_count>=2;entry_delay_1;no_future_labels,4215babdb26e24a503b19506,2026-04-15T01:08:00+00:00,2026-04-15T01:07:00+00:00,74666.4,74575.9,36.2,1.5,12
9ee24fd29fcb5a7727542802,CAND_SHORT_CTX_SPIKE_GE2_ENTRY_DELAY_1,BTCUSDT,H1_H2_CONTEXT_M1_REPLAY,SHORT,2026-04-15T10:48:00+00:00,2026-04-15T10:49:00+00:00,74112.5,74154.3,FIXED_R_MULTIPLE_1.5_OR_EXPIRY_12_BARS,2026-04-15_to_2026-04-15_run_001,research/results/short_reclaim_timing_survival_diagnostic_trades_2026-05-03.csv,SPRINT03_CTX_GE2_ENTRY_DELAY_1_V1,f66df5e19b1ca34e0a700a9b499dca149e3173926e0605f7797803fed8ea74ed,ctx_spike_count>=2;entry_delay_1;no_future_labels,f3cacd3bdcbb6f84947fa496,2026-04-15T10:47:00+00:00,2026-04-15T10:47:00+00:00,74154.3,74049.8,41.8,1.5,12
3d9895f249723604760a35d1,CAND_SHORT_CTX_SPIKE_GE2_ENTRY_DELAY_1,BTCUSDT,H1_H2_CONTEXT_M1_REPLAY,SHORT,2026-04-15T13:32:00+00:00,2026-04-15T13:33:00+00:00,74089.1,74293.16,FIXED_R_MULTIPLE_1.5_OR_EXPIRY_12_BARS,2026-04-15_to_2026-04-15_run_001,research/results/short_reclaim_timing_survival_diagnostic_trades_2026-05-03.csv,SPRINT03_CTX_GE2_ENTRY_DELAY_1_V1,646eca061d1b973aa00a58283c5cfde56df18d2a50d531367ec8adb9757a331d,ctx_spike_count>=2;entry_delay_1;no_future_labels,5b058f77d7e946283c58e832,2026-04-15T13:31:00+00:00,2026-04-15T13:25:00+00:00,74293.16,73783.01,204.06,1.5,12
e5e92ea3dc9ef279afa3bb28,CAND_SHORT_CTX_SPIKE_GE2_ENTRY_DELAY_1,BTCUSDT,H1_H2_CONTEXT_M1_REPLAY,SHORT,2026-04-15T19:05:00+00:00,2026-04-15T19:06:00+00:00,74405.3,74466.0,FIXED_R_MULTIPLE_1.5_OR_EXPIRY_12_BARS,2026-04-15_to_2026-04-15_run_001,research/results/short_reclaim_timing_survival_diagnostic_trades_2026-05-03.csv,SPRINT03_CTX_GE2_ENTRY_DELAY_1_V1,f811109f7454c3b355523d130e5b93e856b5fb0d9557d4921823a480256d8c71,ctx_spike_count>=2;entry_delay_1;no_future_labels,5ea26ed683d133e58a82acd5,2026-04-15T19:04:00+00:00,2026-04-15T19:04:00+00:00,74466.0,74314.25,60.7,1.5,12
0efc573d6353bef7acf17178,CAND_SHORT_CTX_SPIKE_GE2_ENTRY_DELAY_1,BTCUSDT,H1_H2_CONTEXT_M1_REPLAY,SHORT,2026-04-15T23:55:00+00:00,2026-04-15T23:56:00+00:00,74771.9,74774.9,FIXED_R_MULTIPLE_1.5_OR_EXPIRY_12_BARS,2026-04-15_to_2026-04-15_run_001,research/results/short_reclaim_timing_survival_diagnostic_trades_2026-05-03.csv,SPRINT03_CTX_GE2_ENTRY_DELAY_1_V1,bdcfb797587c7248b07153d7d26b3a147d6aa63f0cc7a33456f8d9fe05c4eb94,ctx_spike_count>=2;entry_delay_1;no_future_labels,9c4c1b008a6340443079c53d,2026-04-15T23:54:00+00:00,2026-04-15T23:51:00+00:00,74774.9,74767.4,3.0,1.5,12
2a5426a5291079b8b7b80496,CAND_SHORT_CTX_SPIKE_GE2_ENTRY_DELAY_1,BTCUSDT,H1_H2_CONTEXT_M1_REPLAY,SHORT,2026-04-16T04:46:00+00:00,2026-04-16T04:47:00+00:00,74977.9,75046.22,FIXED_R_MULTIPLE_1.5_OR_EXPIRY_12_BARS,2026-04-16_to_2026-04-16_run_001,research/results/short_reclaim_timing_survival_diagnostic_trades_2026-05-03.csv,SPRINT03_CTX_GE2_ENTRY_DELAY_1_V1,4bed861183bf929f75c6be73db6186d7d3dca83c577d9217584a40f9f5721d72,ctx_spike_count>=2;entry_delay_1;no_future_labels,df05ab108bd44bf3960242b9,2026-04-16T04:45:00+00:00,2026-04-16T04:42:00+00:00,75046.22,74875.42,68.32,1.5,12
b3a6ab4c7a55d970a3dcdf71,CAND_SHORT_CTX_SPIKE_GE2_ENTRY_DELAY_1,BTCUSDT,H1_H2_CONTEXT_M1_REPLAY,SHORT,2026-04-16T07:46:00+00:00,2026-04-16T07:47:00+00:00,74709.1,74804.45,FIXED_R_MULTIPLE_1.5_OR_EXPIRY_12_BARS,2026-04-16_to_2026-04-16_run_001,research/results/short_reclaim_timing_survival_diagnostic_trades_2026-05-03.csv,SPRINT03_CTX_GE2_ENTRY_DELAY_1_V1,dfddecfca188336c99e8714c70397d39c18d5e927d4ca5c7f05d3c8ac108a33d,ctx_spike_count>=2;entry_delay_1;no_future_labels,78c1e18478637077a64646ed,2026-04-16T07:45:00+00:00,2026-04-16T07:43:00+00:00,74804.45,74566.075,95.35,1.5,12
2d1bca6ab76afc7a5f8ad8ec,CAND_SHORT_CTX_SPIKE_GE2_ENTRY_DELAY_1,BTCUSDT,H1_H2_CONTEXT_M1_REPLAY,SHORT,2026-04-16T18:04:00+00:00,2026-04-16T18:05:00+00:00,74332.2,74346.98,FIXED_R_MULTIPLE_1.5_OR_EXPIRY_12_BARS,2026-04-16_to_2026-04-16_run_001,research/results/short_reclaim_timing_survival_diagnostic_trades_2026-05-03.csv,SPRINT03_CTX_GE2_ENTRY_DELAY_1_V1,52971e76ebf2cdb339937c264c8672b8fc0760843dba6e197ad99defcb7d121a,ctx_spike_count>=2;entry_delay_1;no_future_labels,3aff2c6eb8b967f9d8bcb210,2026-04-16T18:03:00+00:00,2026-04-16T18:00:00+00:00,74346.98,74310.03,14.78,1.5,12
a4f1ef5d2cead929adf88644,CAND_SHORT_CTX_SPIKE_GE2_ENTRY_DELAY_1,BTCUSDT,H1_H2_CONTEXT_M1_REPLAY,SHORT,2026-04-17T03:12:00+00:00,2026-04-17T03:13:00+00:00,74600.1,74603.36,FIXED_R_MULTIPLE_1.5_OR_EXPIRY_12_BARS,2026-04-17_to_2026-04-17_run_001,research/results/short_reclaim_timing_survival_diagnostic_trades_2026-05-03.csv,SPRINT03_CTX_GE2_ENTRY_DELAY_1_V1,b28e7ec55b701249cd6242a5918dc12856323ba31f7aee6ec6cd4ff479ea560a,ctx_spike_count>=2;entry_delay_1;no_future_labels,787156256e8baf920477dab8,2026-04-17T03:11:00+00:00,2026-04-17T03:10:00+00:00,74603.36,74595.21,3.26,1.5,12
1598a739501cfcbb0f2f2723,CAND_SHORT_CTX_SPIKE_GE2_ENTRY_DELAY_1,BTCUSDT,H1_H2_CONTEXT_M1_REPLAY,SHORT,2026-04-17T08:27:00+00:00,2026-04-17T08:28:00+00:00,75070.0,75070.95,FIXED_R_MULTIPLE_1.5_OR_EXPIRY_12_BARS,2026-04-17_to_2026-04-17_run_001,research/results/short_reclaim_timing_survival_diagnostic_trades_2026-05-03.csv,SPRINT03_CTX_GE2_ENTRY_DELAY_1_V1,86e5b1ca9fec4056a1b99f3c0a3f3fa32d7c5f7cf60961ffeff17dbf4e1f9115,ctx_spike_count>=2;entry_delay_1;no_future_labels,f197c24ec033899ce75ebf51,2026-04-17T08:26:00+00:00,2026-04-17T08:25:00+00:00,75070.95,75068.575,0.95,1.5,12
de00454feee2385da9deb2ea,CAND_SHORT_CTX_SPIKE_GE2_ENTRY_DELAY_1,BTCUSDT,H1_H2_CONTEXT_M1_REPLAY,SHORT,2026-04-17T09:31:00+00:00,2026-04-17T09:32:00+00:00,75922.8,76080.35,FIXED_R_MULTIPLE_1.5_OR_EXPIRY_12_BARS,2026-04-17_to_2026-04-17_run_001,research/results/short_reclaim_timing_survival_diagnostic_trades_2026-05-03.csv,SPRINT03_CTX_GE2_ENTRY_DELAY_1_V1,ba9e8978bbcff82025d4e67366496aed3b53796f5292e03fb82106560bd921d8,ctx_spike_count>=2;entry_delay_1;no_future_labels,2411f16a1e67c24f25d4e09b,2026-04-17T09:30:00+00:00,2026-04-17T09:28:00+00:00,76080.35,75686.475,157.55,1.5,12
99e466f20f0efec569729dfa,CAND_SHORT_CTX_SPIKE_GE2_ENTRY_DELAY_1,BTCUSDT,H1_H2_CONTEXT_M1_REPLAY,SHORT,2026-04-17T12:27:00+00:00,2026-04-17T12:28:00+00:00,75592.7,75675.24,FIXED_R_MULTIPLE_1.5_OR_EXPIRY_12_BARS,2026-04-17_to_2026-04-17_run_001,research/results/short_reclaim_timing_survival_diagnostic_trades_2026-05-03.csv,SPRINT03_CTX_GE2_ENTRY_DELAY_1_V1,95a01e3d7abf36a323faa7d1c894fb763094ce2db0b6ce8cabb287940ea22c31,ctx_spike_count>=2;entry_delay_1;no_future_labels,eebc78a5b8007e9a95ceff63,2026-04-17T12:26:00+00:00,2026-04-17T12:24:00+00:00,75675.24,75468.89,82.54,1.5,12
6ba73e6e3c4f183bc01ede52,CAND_SHORT_CTX_SPIKE_GE2_ENTRY_DELAY_1,BTCUSDT,H1_H2_CONTEXT_M1_REPLAY,SHORT,2026-04-17T13:04:00+00:00,2026-04-17T13:05:00+00:00,76064.6,76350.0,FIXED_R_MULTIPLE_1.5_OR_EXPIRY_12_BARS,2026-04-17_to_2026-04-17_run_001,research/results/short_reclaim_timing_survival_diagnostic_trades_2026-05-03.csv,SPRINT03_CTX_GE2_ENTRY_DELAY_1_V1,6164e3af22bb95eb5c88c0eb0de2929ac6e0361088acf1ed14aa6e965f806cb1,ctx_spike_count>=2;entry_delay_1;no_future_labels,0bc5deb96197ee666b6f075e,2026-04-17T13:03:00+00:00,2026-04-17T13:03:00+00:00,76350.0,75636.5,285.4,1.5,12
55c51b85999cd4c1d62c20c9,CAND_SHORT_CTX_SPIKE_GE2_ENTRY_DELAY_1,BTCUSDT,H1_H2_CONTEXT_M1_REPLAY,SHORT,2026-04-17T14:25:00+00:00,2026-04-17T14:26:00+00:00,77496.3,77502.0,FIXED_R_MULTIPLE_1.5_OR_EXPIRY_12_BARS,2026-04-17_to_2026-04-17_run_001,research/results/short_reclaim_timing_survival_diagnostic_trades_2026-05-03.csv,SPRINT03_CTX_GE2_ENTRY_DELAY_1_V1,d582c9956faeaa083f8fdba87dfa6ad9609477a094d206c3146661b11c879c3e,ctx_spike_count>=2;entry_delay_1;no_future_labels,8a8b31b56cff31a386a62fc7,2026-04-17T14:24:00+00:00,2026-04-17T14:23:00+00:00,77502.0,77487.75,5.7,1.5,12
abf9cb795c57f0c3e7f7261f,CAND_SHORT_CTX_SPIKE_GE2_ENTRY_DELAY_1,BTCUSDT,H1_H2_CONTEXT_M1_REPLAY,SHORT,2026-04-18T00:40:00+00:00,2026-04-18T00:41:00+00:00,76991.0,77048.55,FIXED_R_MULTIPLE_1.5_OR_EXPIRY_12_BARS,2026-04-18_to_2026-04-18_run_001,research/results/short_reclaim_timing_survival_diagnostic_trades_2026-05-03.csv,SPRINT03_CTX_GE2_ENTRY_DELAY_1_V1,225151cc0c947bee428f044da6bed6eb512075ecc40f34c11872bb296e283bf2,ctx_spike_count>=2;entry_delay_1;no_future_labels,35317a5eea0043b5705adeca,2026-04-18T00:39:00+00:00,2026-04-18T00:38:00+00:00,77048.55,76904.675,57.55,1.5,12
29e4ebcb463911bed78f6f79,CAND_SHORT_CTX_SPIKE_GE2_ENTRY_DELAY_1,BTCUSDT,H1_H2_CONTEXT_M1_REPLAY,SHORT,2026-04-18T01:50:00+00:00,2026-04-18T01:51:00+00:00,77133.4,77180.6,FIXED_R_MULTIPLE_1.5_OR_EXPIRY_12_BARS,2026-04-18_to_2026-04-18_run_001,research/results/short_reclaim_timing_survival_diagnostic_trades_2026-05-03.csv,SPRINT03_CTX_GE2_ENTRY_DELAY_1_V1,23809c6cf8f4bd2499d785d60a0ee38a79d8d9a2db4b917caf5ae318990792b9,ctx_spike_count>=2;entry_delay_1;no_future_labels,9834bcc92c80d92a93bdb4e7,2026-04-18T01:49:00+00:00,2026-04-18T01:45:00+00:00,77180.6,77062.6,47.2,1.5,12
535ad3531e5ca3666e039527,CAND_SHORT_CTX_SPIKE_GE2_ENTRY_DELAY_1,BTCUSDT,H1_H2_CONTEXT_M1_REPLAY,SHORT,2026-04-18T03:57:00+00:00,2026-04-18T03:58:00+00:00,76956.2,76980.75,FIXED_R_MULTIPLE_1.5_OR_EXPIRY_12_BARS,2026-04-18_to_2026-04-18_run_001,research/results/short_reclaim_timing_survival_diagnostic_trades_2026-05-03.csv,SPRINT03_CTX_GE2_ENTRY_DELAY_1_V1,9bd916720bb4ddfab2bec88a46c4c3257fcf23c81dca9fc0074d89ebf0da521e,ctx_spike_count>=2;entry_delay_1;no_future_labels,110b0ad66d2c16f0fc168524,2026-04-18T03:56:00+00:00,2026-04-18T03:55:00+00:00,76980.75,76919.375,24.55,1.5,12
599c77dc999e6330db1ca4d3,CAND_SHORT_CTX_SPIKE_GE2_ENTRY_DELAY_1,BTCUSDT,H1_H2_CONTEXT_M1_REPLAY,SHORT,2026-04-18T05:26:00+00:00,2026-04-18T05:27:00+00:00,77110.8,77125.1,FIXED_R_MULTIPLE_1.5_OR_EXPIRY_12_BARS,2026-04-18_to_2026-04-18_run_001,research/results/short_reclaim_timing_survival_diagnostic_trades_2026-05-03.csv,SPRINT03_CTX_GE2_ENTRY_DELAY_1_V1,88ef2a5b3a0fd016fbb002aeffcf09b2afb88567488bfb29fafc39a5599aa1b2,ctx_spike_count>=2;entry_delay_1;no_future_labels,0da7d5b32629a9eb78b2d2d2,2026-04-18T05:25:00+00:00,2026-04-18T05:24:00+00:00,77125.1,77089.35,14.3,1.5,12
c57a62376dc517ad45f97cf4,CAND_SHORT_CTX_SPIKE_GE2_ENTRY_DELAY_1,BTCUSDT,H1_H2_CONTEXT_M1_REPLAY,SHORT,2026-04-18T05:41:00+00:00,2026-04-18T05:42:00+00:00,77095.8,77109.0,FIXED_R_MULTIPLE_1.5_OR_EXPIRY_12_BARS,2026-04-18_to_2026-04-18_run_001,research/results/short_reclaim_timing_survival_diagnostic_trades_2026-05-03.csv,SPRINT03_CTX_GE2_ENTRY_DELAY_1_V1,202bef2244bb54bf378ae215131e42cb921456eb90a9f64a601cfcead1703fd5,ctx_spike_count>=2;entry_delay_1;no_future_labels,7d6d986b0e6a40ccc4261306,2026-04-18T05:40:00+00:00,2026-04-18T05:39:00+00:00,77109.0,77076.0,13.2,1.5,12
1e5420b46b81c8daa57cf155,CAND_SHORT_CTX_SPIKE_GE2_ENTRY_DELAY_1,BTCUSDT,H1_H2_CONTEXT_M1_REPLAY,SHORT,2026-04-18T06:03:00+00:00,2026-04-18T06:04:00+00:00,77108.7,77109.25,FIXED_R_MULTIPLE_1.5_OR_EXPIRY_12_BARS,2026-04-18_to_2026-04-18_run_001,research/results/short_reclaim_timing_survival_diagnostic_trades_2026-05-03.csv,SPRINT03_CTX_GE2_ENTRY_DELAY_1_V1,8051a9f83076a31dfef36aed25d8be006a5aae2b1dedc7df0c3210d532312607,ctx_spike_count>=2;entry_delay_1;no_future_labels,3fe87a5e6ab2f8c8c6feec1c,2026-04-18T06:02:00+00:00,2026-04-18T06:01:00+00:00,77109.25,77107.875,0.55,1.5,12
5c240c9db797e2108a7f3c4e,CAND_SHORT_CTX_SPIKE_GE2_ENTRY_DELAY_1,BTCUSDT,H1_H2_CONTEXT_M1_REPLAY,SHORT,2026-04-18T07:01:00+00:00,2026-04-18T07:02:00+00:00,77062.1,77071.52,FIXED_R_MULTIPLE_1.5_OR_EXPIRY_12_BARS,2026-04-18_to_2026-04-18_run_001,research/results/short_reclaim_timing_survival_diagnostic_trades_2026-05-03.csv,SPRINT03_CTX_GE2_ENTRY_DELAY_1_V1,a0cfa20b1d373d121f3b4ca987ef0d44f67ffea95c160b014128884a8732e997,ctx_spike_count>=2;entry_delay_1;no_future_labels,a77891548dc3bbd45589f88d,2026-04-18T07:00:00+00:00,2026-04-18T06:59:00+00:00,77071.52,77047.97,9.42,1.5,12
9531c0ddae32b67764cd70d3,CAND_SHORT_CTX_SPIKE_GE2_ENTRY_DELAY_1,BTCUSDT,H1_H2_CONTEXT_M1_REPLAY,SHORT,2026-04-18T10:09:00+00:00,2026-04-18T10:10:00+00:00,76229.2,76318.25,FIXED_R_MULTIPLE_1.5_OR_EXPIRY_12_BARS,2026-04-18_to_2026-04-18_run_001,research/results/short_reclaim_timing_survival_diagnostic_trades_2026-05-03.csv,SPRINT03_CTX_GE2_ENTRY_DELAY_1_V1,95ade5c3f27019bbabddeeaba43d717c0eaf5e96e365a628d135c40ec732c911,ctx_spike_count>=2;entry_delay_1;no_future_labels,bcf71f3ff5e139c54dbd7e87,2026-04-18T10:08:00+00:00,2026-04-18T10:06:00+00:00,76318.25,76095.625,89.05,1.5,12
e8349522510f785e565a55cf,CAND_SHORT_CTX_SPIKE_GE2_ENTRY_DELAY_1,BTCUSDT,H1_H2_CONTEXT_M1_REPLAY,SHORT,2026-04-18T13:40:00+00:00,2026-04-18T13:41:00+00:00,75826.6,75909.35,FIXED_R_MULTIPLE_1.5_OR_EXPIRY_12_BARS,2026-04-18_to_2026-04-18_run_001,research/results/short_reclaim_timing_survival_diagnostic_trades_2026-05-03.csv,SPRINT03_CTX_GE2_ENTRY_DELAY_1_V1,3da2505070b3cc99b344424be7291e30e094a4c9715c138a4b590abcfb454d36,ctx_spike_count>=2;entry_delay_1;no_future_labels,eeb28cff3987f298c0070b06,2026-04-18T13:39:00+00:00,2026-04-18T13:37:00+00:00,75909.35,75702.475,82.75,1.5,12
0c12644e1302b66ae04abad3,CAND_SHORT_CTX_SPIKE_GE2_ENTRY_DELAY_1,BTCUSDT,H1_H2_CONTEXT_M1_REPLAY,SHORT,2026-04-18T15:03:00+00:00,2026-04-18T15:04:00+00:00,76265.6,76277.4,FIXED_R_MULTIPLE_1.5_OR_EXPIRY_12_BARS,2026-04-18_to_2026-04-18_run_001,research/results/short_reclaim_timing_survival_diagnostic_trades_2026-05-03.csv,SPRINT03_CTX_GE2_ENTRY_DELAY_1_V1,20f4ace2dc793e889a129f4a4837c8ff4caad58e3037179042b421765ad0336f,ctx_spike_count>=2;entry_delay_1;no_future_labels,515900f7d90c2062a181c4d5,2026-04-18T15:02:00+00:00,2026-04-18T15:02:00+00:00,76277.4,76247.9,11.8,1.5,12
d4fc807232cdf7e65fc553d6,CAND_SHORT_CTX_SPIKE_GE2_ENTRY_DELAY_1,BTCUSDT,H1_H2_CONTEXT_M1_REPLAY,SHORT,2026-04-18T15:03:00+00:00,2026-04-18T15:04:00+00:00,76265.6,76272.1,FIXED_R_MULTIPLE_1.5_OR_EXPIRY_12_BARS,2026-04-18_to_2026-04-18_run_001,research/results/short_reclaim_timing_survival_diagnostic_trades_2026-05-03.csv,SPRINT03_CTX_GE2_ENTRY_DELAY_1_V1,e6dbf703e239ad0db5fe49fe9165112d75f302115bddde098fb42db3cc2aa04f,ctx_spike_count>=2;entry_delay_1;no_future_labels,d7f5fa35c9c795e436ee8c2f,2026-04-18T15:02:00+00:00,2026-04-18T15:01:00+00:00,76272.1,76255.85,6.5,1.5,12
7fd068da1a402a18db90310a,CAND_SHORT_CTX_SPIKE_GE2_ENTRY_DELAY_1,BTCUSDT,H1_H2_CONTEXT_M1_REPLAY,SHORT,2026-04-18T17:13:00+00:00,2026-04-18T17:14:00+00:00,75843.2,75875.25,FIXED_R_MULTIPLE_1.5_OR_EXPIRY_12_BARS,2026-04-18_to_2026-04-18_run_001,research/results/short_reclaim_timing_survival_diagnostic_trades_2026-05-03.csv,SPRINT03_CTX_GE2_ENTRY_DELAY_1_V1,55c1a38bcd5f2c8b1ab5aaaa93b8d021507446f9d260a1f13d02d58d8e7f91cb,ctx_spike_count>=2;entry_delay_1;no_future_labels,050128e9262915b8a60a3d0d,2026-04-18T17:12:00+00:00,2026-04-18T17:11:00+00:00,75875.25,75795.125,32.05,1.5,12
c0cdbbab4827f75379876633,CAND_SHORT_CTX_SPIKE_GE2_ENTRY_DELAY_1,BTCUSDT,H1_H2_CONTEXT_M1_REPLAY,SHORT,2026-04-18T23:40:00+00:00,2026-04-18T23:41:00+00:00,75657.7,75678.54,FIXED_R_MULTIPLE_1.5_OR_EXPIRY_12_BARS,2026-04-18_to_2026-04-18_run_001,research/results/short_reclaim_timing_survival_diagnostic_trades_2026-05-03.csv,SPRINT03_CTX_GE2_ENTRY_DELAY_1_V1,6e5ce01611e20d3fc476a2203b5ac06d12e837583853495655e73ab36b70da32,ctx_spike_count>=2;entry_delay_1;no_future_labels,18d29016f55a7c4722b91f4e,2026-04-18T23:39:00+00:00,2026-04-18T23:36:00+00:00,75678.54,75626.44,20.84,1.5,12
ef5ad0c6f7a2b8ba638f600f,CAND_SHORT_CTX_SPIKE_GE2_ENTRY_DELAY_1,BTCUSDT,H1_H2_CONTEXT_M1_REPLAY,SHORT,2026-04-19T00:24:00+00:00,2026-04-19T00:25:00+00:00,75530.5,75554.02,FIXED_R_MULTIPLE_1.5_OR_EXPIRY_12_BARS,2026-04-19_to_2026-04-19_run_001,research/results/short_reclaim_timing_survival_diagnostic_trades_2026-05-03.csv,SPRINT03_CTX_GE2_ENTRY_DELAY_1_V1,a52045118a6537a77e0b80e7a1288a150a2e1a1264627e3e62648507b27e7473,ctx_spike_count>=2;entry_delay_1;no_future_labels,5dd3e695aa470f318466d5b5,2026-04-19T00:23:00+00:00,2026-04-19T00:22:00+00:00,75554.02,75495.22,23.52,1.5,12
8ce2fac4dc2ea34c97cb33a6,CAND_SHORT_CTX_SPIKE_GE2_ENTRY_DELAY_1,BTCUSDT,H1_H2_CONTEXT_M1_REPLAY,SHORT,2026-04-19T01:16:00+00:00,2026-04-19T01:17:00+00:00,75586.7,75610.16,FIXED_R_MULTIPLE_1.5_OR_EXPIRY_12_BARS,2026-04-19_to_2026-04-19_run_001,research/results/short_reclaim_timing_survival_diagnostic_trades_2026-05-03.csv,SPRINT03_CTX_GE2_ENTRY_DELAY_1_V1,d8b1a5cb4156b0bff4ae5e71a62823504fe4ecd2656f4452d47e864b979fd936,ctx_spike_count>=2;entry_delay_1;no_future_labels,5727f0b28365992ddd7e5314,2026-04-19T01:15:00+00:00,2026-04-19T01:14:00+00:00,75610.16,75551.51,23.46,1.5,12
92d49408eeb7049048d752bc,CAND_SHORT_CTX_SPIKE_GE2_ENTRY_DELAY_1,BTCUSDT,H1_H2_CONTEXT_M1_REPLAY,SHORT,2026-04-19T06:04:00+00:00,2026-04-19T06:05:00+00:00,75453.4,75487.75,FIXED_R_MULTIPLE_1.5_OR_EXPIRY_12_BARS,2026-04-19_to_2026-04-19_run_001,research/results/short_reclaim_timing_survival_diagnostic_trades_2026-05-03.csv,SPRINT03_CTX_GE2_ENTRY_DELAY_1_V1,2db1979769a77e117e9f8fd2cc6342e92cff3b745fd6047f32780b7e8987d7b9,ctx_spike_count>=2;entry_delay_1;no_future_labels,3dab996fc2f2d30cf8da8371,2026-04-19T06:03:00+00:00,2026-04-19T06:02:00+00:00,75487.75,75401.875,34.35,1.5,12
7dac38d041ab2a5ec80a049f,CAND_SHORT_CTX_SPIKE_GE2_ENTRY_DELAY_1,BTCUSDT,H1_H2_CONTEXT_M1_REPLAY,SHORT,2026-04-19T07:07:00+00:00,2026-04-19T07:08:00+00:00,75244.1,75287.72,FIXED_R_MULTIPLE_1.5_OR_EXPIRY_12_BARS,2026-04-19_to_2026-04-19_run_001,research/results/short_reclaim_timing_survival_diagnostic_trades_2026-05-03.csv,SPRINT03_CTX_GE2_ENTRY_DELAY_1_V1,1fc676487b77ac03b2fececfe77d9633a5b018beb6a63c4413f7ebaa85dffddb,ctx_spike_count>=2;entry_delay_1;no_future_labels,46210aca6aae099da92306b7,2026-04-19T07:06:00+00:00,2026-04-19T07:04:00+00:00,75287.72,75178.67,43.62,1.5,12
bb697f24f6a2ec8bf1f7712f,CAND_SHORT_CTX_SPIKE_GE2_ENTRY_DELAY_1,BTCUSDT,H1_H2_CONTEXT_M1_REPLAY,SHORT,2026-04-19T11:11:00+00:00,2026-04-19T11:12:00+00:00,75289.2,75318.85,FIXED_R_MULTIPLE_1.5_OR_EXPIRY_12_BARS,2026-04-19_to_2026-04-19_run_001,research/results/short_reclaim_timing_survival_diagnostic_trades_2026-05-03.csv,SPRINT03_CTX_GE2_ENTRY_DELAY_1_V1,109c993215d8095ade72cb3d7b280e84164cc9dc73577de01c864f3d6fd845e3,ctx_spike_count>=2;entry_delay_1;no_future_labels,c51bf3a10a378a4e1c97c121,2026-04-19T11:10:00+00:00,2026-04-19T11:09:00+00:00,75318.85,75244.725,29.65,1.5,12
59003cc00e9161975bd4e439,CAND_SHORT_CTX_SPIKE_GE2_ENTRY_DELAY_1,BTCUSDT,H1_H2_CONTEXT_M1_REPLAY,SHORT,2026-04-19T14:03:00+00:00,2026-04-19T14:04:00+00:00,75785.6,75838.03,FIXED_R_MULTIPLE_1.5_OR_EXPIRY_12_BARS,2026-04-19_to_2026-04-19_run_001,research/results/short_reclaim_timing_survival_diagnostic_trades_2026-05-03.csv,SPRINT03_CTX_GE2_ENTRY_DELAY_1_V1,1b7a2227337f8ec90befa5f784fffe71950930e23ba3298c5295a51d752166da,ctx_spike_count>=2;entry_delay_1;no_future_labels,30724ce1f805bc8733f78f01,2026-04-19T14:02:00+00:00,2026-04-19T13:59:00+00:00,75838.03,75706.955,52.43,1.5,12
13b5b7f4f144136c9955471f,CAND_SHORT_CTX_SPIKE_GE2_ENTRY_DELAY_1,BTCUSDT,H1_H2_CONTEXT_M1_REPLAY,SHORT,2026-04-19T17:01:00+00:00,2026-04-19T17:02:00+00:00,75213.3,75310.45,FIXED_R_MULTIPLE_1.5_OR_EXPIRY_12_BARS,2026-04-19_to_2026-04-19_run_001,research/results/short_reclaim_timing_survival_diagnostic_trades_2026-05-03.csv,SPRINT03_CTX_GE2_ENTRY_DELAY_1_V1,01c7f88e2d56a03fc3dfb6d704906a7e9047835aad736db349dd41e631f8e49a,ctx_spike_count>=2;entry_delay_1;no_future_labels,4521ce90e6d67e071836b013,2026-04-19T17:00:00+00:00,2026-04-19T16:55:00+00:00,75310.45,75067.575,97.15,1.5,12
a207227aa4e9ed11cd8db69a,CAND_SHORT_CTX_SPIKE_GE2_ENTRY_DELAY_1,BTCUSDT,H1_H2_CONTEXT_M1_REPLAY,SHORT,2026-04-19T21:52:00+00:00,2026-04-19T21:53:00+00:00,74490.1,74564.15,FIXED_R_MULTIPLE_1.5_OR_EXPIRY_12_BARS,2026-04-19_to_2026-04-19_run_001,research/results/short_reclaim_timing_survival_diagnostic_trades_2026-05-03.csv,SPRINT03_CTX_GE2_ENTRY_DELAY_1_V1,cd2fd26019581910a6fb54b2a0acbf5bfef925cf01ab164f1eac76cba4357285,ctx_spike_count>=2;entry_delay_1;no_future_labels,e93692440ab524a269e7caf5,2026-04-19T21:51:00+00:00,2026-04-19T21:50:00+00:00,74564.15,74379.025,74.05,1.5,12
c88b857a35756dfae1a9f4f0,CAND_SHORT_CTX_SPIKE_GE2_ENTRY_DELAY_1,BTCUSDT,H1_H2_CONTEXT_M1_REPLAY,SHORT,2026-04-20T03:48:00+00:00,2026-04-20T03:49:00+00:00,74515.5,74535.71,FIXED_R_MULTIPLE_1.5_OR_EXPIRY_12_BARS,2026-04-20_to_2026-04-20_run_001,research/results/short_reclaim_timing_survival_diagnostic_trades_2026-05-03.csv,SPRINT03_CTX_GE2_ENTRY_DELAY_1_V1,e7433635f9d131765c178a68f72b1f905dd14958e0e4a3f5fba23445ee1c7580,ctx_spike_count>=2;entry_delay_1;no_future_labels,54175babdbefb93a8da86aa3,2026-04-20T03:47:00+00:00,2026-04-20T03:45:00+00:00,74535.71,74485.185,20.21,1.5,12
7790e42e01c2f13c23a77a7d,CAND_SHORT_CTX_SPIKE_GE2_ENTRY_DELAY_1,BTCUSDT,H1_H2_CONTEXT_M1_REPLAY,SHORT,2026-04-20T04:36:00+00:00,2026-04-20T04:37:00+00:00,74446.8,74458.08,FIXED_R_MULTIPLE_1.5_OR_EXPIRY_12_BARS,2026-04-20_to_2026-04-20_run_001,research/results/short_reclaim_timing_survival_diagnostic_trades_2026-05-03.csv,SPRINT03_CTX_GE2_ENTRY_DELAY_1_V1,1d770f550ce6a30a9caa4df4baa813c27b58bfc1f28848747970e510b6de6bc8,ctx_spike_count>=2;entry_delay_1;no_future_labels,e26c07cde7e0554c2c02f62c,2026-04-20T04:35:00+00:00,2026-04-20T04:34:00+00:00,74458.08,74429.88,11.28,1.5,12
1c0912fd27123a857adb86d6,CAND_SHORT_CTX_SPIKE_GE2_ENTRY_DELAY_1,BTCUSDT,H1_H2_CONTEXT_M1_REPLAY,SHORT,2026-04-20T10:54:00+00:00,2026-04-20T10:55:00+00:00,75050.1,75052.33,FIXED_R_MULTIPLE_1.5_OR_EXPIRY_12_BARS,2026-04-20_to_2026-04-20_run_001,research/results/short_reclaim_timing_survival_diagnostic_trades_2026-05-03.csv,SPRINT03_CTX_GE2_ENTRY_DELAY_1_V1,7b6ad2e922f962c88873ecdc3724f603cc35b0781253c26122b37f9132aa9825,ctx_spike_count>=2;entry_delay_1;no_future_labels,998704c8134af29c905c5435,2026-04-20T10:53:00+00:00,2026-04-20T10:52:00+00:00,75052.33,75046.755,2.23,1.5,12
aa5e2ce7045c476580c07f19,CAND_SHORT_CTX_SPIKE_GE2_ENTRY_DELAY_1,BTCUSDT,H1_H2_CONTEXT_M1_REPLAY,SHORT,2026-04-20T12:22:00+00:00,2026-04-20T12:23:00+00:00,75450.0,75539.3,FIXED_R_MULTIPLE_1.5_OR_EXPIRY_12_BARS,2026-04-20_to_2026-04-20_run_001,research/results/short_reclaim_timing_survival_diagnostic_trades_2026-05-03.csv,SPRINT03_CTX_GE2_ENTRY_DELAY_1_V1,dbef3b05cc33786ee90e0ffbb79ab408107486771d62e2a651206afde5bf956a,ctx_spike_count>=2;entry_delay_1;no_future_labels,defd82b63f856c66bcf945d4,2026-04-20T12:21:00+00:00,2026-04-20T12:21:00+00:00,75539.3,75316.05,89.3,1.5,12
03a6d55410c6f07103b061de,CAND_SHORT_CTX_SPIKE_GE2_ENTRY_DELAY_1,BTCUSDT,H1_H2_CONTEXT_M1_REPLAY,SHORT,2026-04-20T21:04:00+00:00,2026-04-20T21:05:00+00:00,76190.0,76235.78,FIXED_R_MULTIPLE_1.5_OR_EXPIRY_12_BARS,2026-04-20_to_2026-04-20_run_001,research/results/short_reclaim_timing_survival_diagnostic_trades_2026-05-03.csv,SPRINT03_CTX_GE2_ENTRY_DELAY_1_V1,653d0866a3ed2eab785b91b919e9d29b51141a2330f9d79a05746d235734539c,ctx_spike_count>=2;entry_delay_1;no_future_labels,d8dd258dfb2a0404373a0959,2026-04-20T21:03:00+00:00,2026-04-20T21:02:00+00:00,76235.78,76121.33,45.78,1.5,12
606a7f8e34ab4d166b01a87b,CAND_SHORT_CTX_SPIKE_GE2_ENTRY_DELAY_1,BTCUSDT,H1_H2_CONTEXT_M1_REPLAY,SHORT,2026-04-21T00:04:00+00:00,2026-04-21T00:05:00+00:00,75795.1,75849.1,FIXED_R_MULTIPLE_1.5_OR_EXPIRY_12_BARS,2026-04-21_to_2026-04-21_run_001,research/results/short_reclaim_timing_survival_diagnostic_trades_2026-05-03.csv,SPRINT03_CTX_GE2_ENTRY_DELAY_1_V1,95b7e4b584517475e2ba582a8c10db2d5f1f2ea56589a47dd19443bd76de2f7b,ctx_spike_count>=2;entry_delay_1;no_future_labels,1173af64a379c4417c416912,2026-04-21T00:03:00+00:00,2026-04-21T00:02:00+00:00,75849.1,75714.1,54.0,1.5,12
4f024ba4d52cf60de0610459,CAND_SHORT_CTX_SPIKE_GE2_ENTRY_DELAY_1,BTCUSDT,H1_H2_CONTEXT_M1_REPLAY,SHORT,2026-04-21T04:03:00+00:00,2026-04-21T04:04:00+00:00,75665.2,75684.73,FIXED_R_MULTIPLE_1.5_OR_EXPIRY_12_BARS,2026-04-21_to_2026-04-21_run_001,research/results/short_reclaim_timing_survival_diagnostic_trades_2026-05-03.csv,SPRINT03_CTX_GE2_ENTRY_DELAY_1_V1,7ac82dd29170719351699ab96b670402b80d76d05c319ac7f5e2bd1fdf97a8e6,ctx_spike_count>=2;entry_delay_1;no_future_labels,0398578dc4f621b3c18f34bb,2026-04-21T04:02:00+00:00,2026-04-21T04:00:00+00:00,75684.73,75635.905,19.53,1.5,12
f87842f30c651686bb27c61f,CAND_SHORT_CTX_SPIKE_GE2_ENTRY_DELAY_1,BTCUSDT,H1_H2_CONTEXT_M1_REPLAY,SHORT,2026-04-21T07:27:00+00:00,2026-04-21T07:28:00+00:00,76173.9,76232.3,FIXED_R_MULTIPLE_1.5_OR_EXPIRY_12_BARS,2026-04-21_to_2026-04-21_run_001,research/results/short_reclaim_timing_survival_diagnostic_trades_2026-05-03.csv,SPRINT03_CTX_GE2_ENTRY_DELAY_1_V1,e3e9e5c93b2cbdbae33e6a26767e646751a38e7ff73d7b43d2dcf01b6796aed9,ctx_spike_count>=2;entry_delay_1;no_future_labels,bb869aad8dc7b33fa1792925,2026-04-21T07:26:00+00:00,2026-04-21T07:26:00+00:00,76232.3,76086.3,58.4,1.5,12
53703f42d9c1421b364a120e,CAND_SHORT_CTX_SPIKE_GE2_ENTRY_DELAY_1,BTCUSDT,H1_H2_CONTEXT_M1_REPLAY,SHORT,2026-04-21T14:47:00+00:00,2026-04-21T14:48:00+00:00,76283.5,76311.65,FIXED_R_MULTIPLE_1.5_OR_EXPIRY_12_BARS,2026-04-21_to_2026-04-21_run_001,research/results/short_reclaim_timing_survival_diagnostic_trades_2026-05-03.csv,SPRINT03_CTX_GE2_ENTRY_DELAY_1_V1,8383931a9912b7f1e3585399a8f84f11d86506216234907bf47a670e97ddb503,ctx_spike_count>=2;entry_delay_1;no_future_labels,d6a5fe4a1a3f919627dcb6a5,2026-04-21T14:46:00+00:00,2026-04-21T14:40:00+00:00,76311.65,76241.275,28.15,1.5,12
bb3cf441a318c96abc953758,CAND_SHORT_CTX_SPIKE_GE2_ENTRY_DELAY_1,BTCUSDT,H1_H2_CONTEXT_M1_REPLAY,SHORT,2026-04-21T22:23:00+00:00,2026-04-21T22:24:00+00:00,75299.3,75314.68,FIXED_R_MULTIPLE_1.5_OR_EXPIRY_12_BARS,2026-04-21_to_2026-04-21_run_001,research/results/short_reclaim_timing_survival_diagnostic_trades_2026-05-03.csv,SPRINT03_CTX_GE2_ENTRY_DELAY_1_V1,23941cf10f8e28c4969f56496f59b718990b90f3817c2ed63d57ba3bf0eea1ec,ctx_spike_count>=2;entry_delay_1;no_future_labels,9107684e4c92c16ef38f8077,2026-04-21T22:22:00+00:00,2026-04-21T22:20:00+00:00,75314.68,75276.23,15.38,1.5,12
42a033d7093d33c4c57a214a,CAND_SHORT_CTX_SPIKE_GE2_ENTRY_DELAY_1,BTCUSDT,H1_H2_CONTEXT_M1_REPLAY,SHORT,2026-04-22T08:24:00+00:00,2026-04-22T08:25:00+00:00,78050.2,78146.3,FIXED_R_MULTIPLE_1.5_OR_EXPIRY_12_BARS,2026-04-22_to_2026-04-22_run_001,research/results/short_reclaim_timing_survival_diagnostic_trades_2026-05-03.csv,SPRINT03_CTX_GE2_ENTRY_DELAY_1_V1,7052e9e421df9d9d2a21fc6d90f8a57f8281bc174a8c56941de1d2874f795521,ctx_spike_count>=2;entry_delay_1;no_future_labels,57e95fa11841f9ef2e3ef28f,2026-04-22T08:23:00+00:00,2026-04-22T08:21:00+00:00,78146.3,77906.05,96.1,1.5,12
41af20ed9d9c2a2384a0a8d3,CAND_SHORT_CTX_SPIKE_GE2_ENTRY_DELAY_1,BTCUSDT,H1_H2_CONTEXT_M1_REPLAY,SHORT,2026-04-22T09:35:00+00:00,2026-04-22T09:36:00+00:00,78067.7,78076.7,FIXED_R_MULTIPLE_1.5_OR_EXPIRY_12_BARS,2026-04-22_to_2026-04-22_run_001,research/results/short_reclaim_timing_survival_diagnostic_trades_2026-05-03.csv,SPRINT03_CTX_GE2_ENTRY_DELAY_1_V1,1bfd4a4befbf0804307b872a752f8b9ebc910d1b28d78cc5044231b87e4ce4eb,ctx_spike_count>=2;entry_delay_1;no_future_labels,8ea6d9b2300bb8f3c4304f87,2026-04-22T09:34:00+00:00,2026-04-22T09:28:00+00:00,78076.7,78054.2,9.0,1.5,12
06c6bd6ab36e554687399a54,CAND_SHORT_CTX_SPIKE_GE2_ENTRY_DELAY_1,BTCUSDT,H1_H2_CONTEXT_M1_REPLAY,SHORT,2026-04-22T11:05:00+00:00,2026-04-22T11:06:00+00:00,78185.2,78204.0,FIXED_R_MULTIPLE_1.5_OR_EXPIRY_12_BARS,2026-04-22_to_2026-04-22_run_001,research/results/short_reclaim_timing_survival_diagnostic_trades_2026-05-03.csv,SPRINT03_CTX_GE2_ENTRY_DELAY_1_V1,2dcb2951666f00c565f246f8067b0a7c7c56178c2bf4602c1421f151840b133e,ctx_spike_count>=2;entry_delay_1;no_future_labels,49b1ceb3be725f0f37d23e02,2026-04-22T11:04:00+00:00,2026-04-22T11:02:00+00:00,78204.0,78157.0,18.8,1.5,12
c81f8f38d4a2cb870088880e,CAND_SHORT_CTX_SPIKE_GE2_ENTRY_DELAY_1,BTCUSDT,H1_H2_CONTEXT_M1_REPLAY,SHORT,2026-04-22T11:05:00+00:00,2026-04-22T11:06:00+00:00,78185.2,78186.0,FIXED_R_MULTIPLE_1.5_OR_EXPIRY_12_BARS,2026-04-22_to_2026-04-22_run_001,research/results/short_reclaim_timing_survival_diagnostic_trades_2026-05-03.csv,SPRINT03_CTX_GE2_ENTRY_DELAY_1_V1,6ea19c9459be2620a73d0f499859857be1b9b744a4c2a7bbf5b8ff9bfea147d6,ctx_spike_count>=2;entry_delay_1;no_future_labels,b1615f456d7dd945184080b4,2026-04-22T11:04:00+00:00,2026-04-22T11:04:00+00:00,78186.0,78184.0,0.8,1.5,12
47388627a4c5178e0ac0c9eb,CAND_SHORT_CTX_SPIKE_GE2_ENTRY_DELAY_1,BTCUSDT,H1_H2_CONTEXT_M1_REPLAY,SHORT,2026-04-22T12:19:00+00:00,2026-04-22T12:20:00+00:00,78342.7,78447.5,FIXED_R_MULTIPLE_1.5_OR_EXPIRY_12_BARS,2026-04-22_to_2026-04-22_run_001,research/results/short_reclaim_timing_survival_diagnostic_trades_2026-05-03.csv,SPRINT03_CTX_GE2_ENTRY_DELAY_1_V1,ec8c74a3a678a2e848b0484525143c7d50d52b377f43218a548a3008412b4af0,ctx_spike_count>=2;entry_delay_1;no_future_labels,b2fc9edc5bd1d673e75052df,2026-04-22T12:18:00+00:00,2026-04-22T12:18:00+00:00,78447.5,78185.5,104.8,1.5,12
ff56d064818418af504d942c,CAND_SHORT_CTX_SPIKE_GE2_ENTRY_DELAY_1,BTCUSDT,H1_H2_CONTEXT_M1_REPLAY,SHORT,2026-04-22T13:33:00+00:00,2026-04-22T13:34:00+00:00,78340.0,78526.4,FIXED_R_MULTIPLE_1.5_OR_EXPIRY_12_BARS,2026-04-22_to_2026-04-22_run_001,research/results/short_reclaim_timing_survival_diagnostic_trades_2026-05-03.csv,SPRINT03_CTX_GE2_ENTRY_DELAY_1_V1,421d8fa67ac1f9059af03d300fd07c306685f431df3c02e381fa9a98bee3a8e8,ctx_spike_count>=2;entry_delay_1;no_future_labels,a3e3a255a6c764cc4ff96668,2026-04-22T13:32:00+00:00,2026-04-22T13:31:00+00:00,78526.4,78060.4,186.4,1.5,12
bb9bbaf9f49123e273650d1a,CAND_SHORT_CTX_SPIKE_GE2_ENTRY_DELAY_1,BTCUSDT,H1_H2_CONTEXT_M1_REPLAY,SHORT,2026-04-22T18:54:00+00:00,2026-04-22T18:55:00+00:00,79044.0,79047.4,FIXED_R_MULTIPLE_1.5_OR_EXPIRY_12_BARS,2026-04-22_to_2026-04-22_run_001,research/results/short_reclaim_timing_survival_diagnostic_trades_2026-05-03.csv,SPRINT03_CTX_GE2_ENTRY_DELAY_1_V1,6aea7159bb4297deeea2fab48965f940d7cb8911be0a92adee481eff6c0ec784,ctx_spike_count>=2;entry_delay_1;no_future_labels,dcc1c53cbb8deec3b5357523,2026-04-22T18:53:00+00:00,2026-04-22T18:49:00+00:00,79047.4,79038.9,3.4,1.5,12
2c19983e30b37ab84c1abc72,CAND_SHORT_CTX_SPIKE_GE2_ENTRY_DELAY_1,BTCUSDT,H1_H2_CONTEXT_M1_REPLAY,SHORT,2026-04-22T22:03:00+00:00,2026-04-22T22:04:00+00:00,78672.0,78724.55,FIXED_R_MULTIPLE_1.5_OR_EXPIRY_12_BARS,2026-04-22_to_2026-04-22_run_001,research/results/short_reclaim_timing_survival_diagnostic_trades_2026-05-03.csv,SPRINT03_CTX_GE2_ENTRY_DELAY_1_V1,d7e23f5f20bd10933e51c88ffd2ff0b78982416a89798da92a23e8febe3344d7,ctx_spike_count>=2;entry_delay_1;no_future_labels,429887437bd88e1ff4ac3b6d,2026-04-22T22:02:00+00:00,2026-04-22T22:00:00+00:00,78724.55,78593.175,52.55,1.5,12
632f363b78b887183606cf04,CAND_SHORT_CTX_SPIKE_GE2_ENTRY_DELAY_1,BTCUSDT,H1_H2_CONTEXT_M1_REPLAY,SHORT,2026-04-23T03:41:00+00:00,2026-04-23T03:42:00+00:00,77480.0,77525.41,FIXED_R_MULTIPLE_1.5_OR_EXPIRY_12_BARS,2026-04-23_to_2026-04-23_run_001,research/results/short_reclaim_timing_survival_diagnostic_trades_2026-05-03.csv,SPRINT03_CTX_GE2_ENTRY_DELAY_1_V1,e3d3f676a9f4343333db087bbd11b0524f77f01f7f846ad41089f18e74caf946,ctx_spike_count>=2;entry_delay_1;no_future_labels,8a317e251760c37cb46f053b,2026-04-23T03:40:00+00:00,2026-04-23T03:39:00+00:00,77525.41,77411.885,45.41,1.5,12
450435c995e7a15d1bca98a4,CAND_SHORT_CTX_SPIKE_GE2_ENTRY_DELAY_1,BTCUSDT,H1_H2_CONTEXT_M1_REPLAY,SHORT,2026-04-23T04:51:00+00:00,2026-04-23T04:52:00+00:00,77812.7,77820.65,FIXED_R_MULTIPLE_1.5_OR_EXPIRY_12_BARS,2026-04-23_to_2026-04-23_run_001,research/results/short_reclaim_timing_survival_diagnostic_trades_2026-05-03.csv,SPRINT03_CTX_GE2_ENTRY_DELAY_1_V1,3892fc2961f1b4ce155a28c49b9d2aa8b076caf94146f626f2a0be35e97d70bd,ctx_spike_count>=2;entry_delay_1;no_future_labels,7b65b2eecd5a5e940033c49e,2026-04-23T04:50:00+00:00,2026-04-23T04:49:00+00:00,77820.65,77800.775,7.95,1.5,12
abf641a135825e0ea07a10ba,CAND_SHORT_CTX_SPIKE_GE2_ENTRY_DELAY_1,BTCUSDT,H1_H2_CONTEXT_M1_REPLAY,SHORT,2026-04-23T05:11:00+00:00,2026-04-23T05:12:00+00:00,77941.5,77949.14,FIXED_R_MULTIPLE_1.5_OR_EXPIRY_12_BARS,2026-04-23_to_2026-04-23_run_001,research/results/short_reclaim_timing_survival_diagnostic_trades_2026-05-03.csv,SPRINT03_CTX_GE2_ENTRY_DELAY_1_V1,66429d467189934a642739510921c0a4c202d5b6e1ec1874164cb46a737a5fe6,ctx_spike_count>=2;entry_delay_1;no_future_labels,2019bdd6b148316c97bd1eac,2026-04-23T05:10:00+00:00,2026-04-23T05:09:00+00:00,77949.14,77930.04,7.64,1.5,12
170d83df0769cadbf19c99ca,CAND_SHORT_CTX_SPIKE_GE2_ENTRY_DELAY_1,BTCUSDT,H1_H2_CONTEXT_M1_REPLAY,SHORT,2026-04-23T09:11:00+00:00,2026-04-23T09:12:00+00:00,77446.4,77473.11,FIXED_R_MULTIPLE_1.5_OR_EXPIRY_12_BARS,2026-04-23_to_2026-04-23_run_001,research/results/short_reclaim_timing_survival_diagnostic_trades_2026-05-03.csv,SPRINT03_CTX_GE2_ENTRY_DELAY_1_V1,d786cbf87ffc4510f5b2068b5b60e54b596646f2efe59789f685b26819426cdb,ctx_spike_count>=2;entry_delay_1;no_future_labels,f14128106d1175c5cfb25952,2026-04-23T09:10:00+00:00,2026-04-23T09:09:00+00:00,77473.11,77406.335,26.71,1.5,12
5e4133a8d2d56cd1eacf94a4,CAND_SHORT_CTX_SPIKE_GE2_ENTRY_DELAY_1,BTCUSDT,H1_H2_CONTEXT_M1_REPLAY,SHORT,2026-04-23T14:30:00+00:00,2026-04-23T14:31:00+00:00,77690.5,77745.7,FIXED_R_MULTIPLE_1.5_OR_EXPIRY_12_BARS,2026-04-23_to_2026-04-23_run_001,research/results/short_reclaim_timing_survival_diagnostic_trades_2026-05-03.csv,SPRINT03_CTX_GE2_ENTRY_DELAY_1_V1,85344d0b99a68839d9228fb48b6499d9805255195e34036ca9599b00b8eba750,ctx_spike_count>=2;entry_delay_1;no_future_labels,5fbf40a4b7fc0eb9ed69a6f4,2026-04-23T14:29:00+00:00,2026-04-23T14:26:00+00:00,77745.7,77607.7,55.2,1.5,12
1b630f37fcf6d74d7ad0abf6,CAND_SHORT_CTX_SPIKE_GE2_ENTRY_DELAY_1,BTCUSDT,H1_H2_CONTEXT_M1_REPLAY,SHORT,2026-04-23T17:26:00+00:00,2026-04-23T17:27:00+00:00,78529.0,78552.5,FIXED_R_MULTIPLE_1.5_OR_EXPIRY_12_BARS,2026-04-23_to_2026-04-23_run_001,research/results/short_reclaim_timing_survival_diagnostic_trades_2026-05-03.csv,SPRINT03_CTX_GE2_ENTRY_DELAY_1_V1,524b0767d5f42339d222852e16e9bcee99509fa0c5ff53d78ead4d5ba479c45e,ctx_spike_count>=2;entry_delay_1;no_future_labels,3d8468122f1058abf835c434,2026-04-23T17:25:00+00:00,2026-04-23T17:23:00+00:00,78552.5,78493.75,23.5,1.5,12
3597e98b8a12904b7d34d572,CAND_SHORT_CTX_SPIKE_GE2_ENTRY_DELAY_1,BTCUSDT,H1_H2_CONTEXT_M1_REPLAY,SHORT,2026-04-24T02:25:00+00:00,2026-04-24T02:26:00+00:00,78346.0,78415.0,FIXED_R_MULTIPLE_1.5_OR_EXPIRY_12_BARS,2026-04-24_to_2026-04-24_run_001,research/results/short_reclaim_timing_survival_diagnostic_trades_2026-05-03.csv,SPRINT03_CTX_GE2_ENTRY_DELAY_1_V1,b0a32bd9f6b6f5b6adc2c845375d0ec67d6203f8612079aadf78280512bce117,ctx_spike_count>=2;entry_delay_1;no_future_labels,5c288857620267e4747d6c8a,2026-04-24T02:24:00+00:00,2026-04-24T02:22:00+00:00,78415.0,78242.5,69.0,1.5,12
4073cad8c6538a8a954a3bbe,CAND_SHORT_CTX_SPIKE_GE2_ENTRY_DELAY_1,BTCUSDT,H1_H2_CONTEXT_M1_REPLAY,SHORT,2026-04-24T03:01:00+00:00,2026-04-24T03:02:00+00:00,78347.0,78380.5,FIXED_R_MULTIPLE_1.5_OR_EXPIRY_12_BARS,2026-04-24_to_2026-04-24_run_001,research/results/short_reclaim_timing_survival_diagnostic_trades_2026-05-03.csv,SPRINT03_CTX_GE2_ENTRY_DELAY_1_V1,327863d3a0c212b43700869f640fda63b120e473631b62afcc1b5c4330325915,ctx_spike_count>=2;entry_delay_1;no_future_labels,3fac72de56697bcd39c06604,2026-04-24T03:00:00+00:00,2026-04-24T02:59:00+00:00,78380.5,78296.75,33.5,1.5,12
fa665a0dfded3481659ee0a5,CAND_SHORT_CTX_SPIKE_GE2_ENTRY_DELAY_1,BTCUSDT,H1_H2_CONTEXT_M1_REPLAY,SHORT,2026-04-24T08:36:00+00:00,2026-04-24T08:37:00+00:00,77803.0,77810.0,FIXED_R_MULTIPLE_1.5_OR_EXPIRY_12_BARS,2026-04-24_to_2026-04-24_run_001,research/results/short_reclaim_timing_survival_diagnostic_trades_2026-05-03.csv,SPRINT03_CTX_GE2_ENTRY_DELAY_1_V1,01a3947493b9c52b226195a717a1ee898d44b755842aabdc04a861a8c3d4c558,ctx_spike_count>=2;entry_delay_1;no_future_labels,59f1c3b6cc00661d5c75cb7e,2026-04-24T08:35:00+00:00,2026-04-24T08:34:00+00:00,77810.0,77792.5,7.0,1.5,12
86d694246242dd4e05846d16,CAND_SHORT_CTX_SPIKE_GE2_ENTRY_DELAY_1,BTCUSDT,H1_H2_CONTEXT_M1_REPLAY,SHORT,2026-04-24T14:05:00+00:00,2026-04-24T14:06:00+00:00,78223.0,78266.5,FIXED_R_MULTIPLE_1.5_OR_EXPIRY_12_BARS,2026-04-24_to_2026-04-24_run_001,research/results/short_reclaim_timing_survival_diagnostic_trades_2026-05-03.csv,SPRINT03_CTX_GE2_ENTRY_DELAY_1_V1,17659b138b1b658a8fb68ef976a9bfc71540e513405aac1403219730a30aa582,ctx_spike_count>=2;entry_delay_1;no_future_labels,690401589012ef3a1d179539,2026-04-24T14:04:00+00:00,2026-04-24T14:02:00+00:00,78266.5,78157.75,43.5,1.5,12
ee4cf84497412ded668817b9,CAND_SHORT_CTX_SPIKE_GE2_ENTRY_DELAY_1,BTCUSDT,H1_H2_CONTEXT_M1_REPLAY,SHORT,2026-04-24T21:05:00+00:00,2026-04-24T21:06:00+00:00,77645.0,77657.0,FIXED_R_MULTIPLE_1.5_OR_EXPIRY_12_BARS,2026-04-24_to_2026-04-24_run_001,research/results/short_reclaim_timing_survival_diagnostic_trades_2026-05-03.csv,SPRINT03_CTX_GE2_ENTRY_DELAY_1_V1,866c6ce5d18d69576105533eb8960079066325a5d9dc1823936b65a1ff0479d4,ctx_spike_count>=2;entry_delay_1;no_future_labels,f1ee29b375f6fc49c07b0c56,2026-04-24T21:04:00+00:00,2026-04-24T21:00:00+00:00,77657.0,77627.0,12.0,1.5,12
f10dfb1b0aa2234d8a0b341c,CAND_SHORT_CTX_SPIKE_GE2_ENTRY_DELAY_1,BTCUSDT,H1_H2_CONTEXT_M1_REPLAY,SHORT,2026-04-25T12:04:00+00:00,2026-04-25T12:05:00+00:00,77760.0,77769.0,FIXED_R_MULTIPLE_1.5_OR_EXPIRY_12_BARS,2026-04-25_to_2026-04-25_run_001,research/results/short_reclaim_timing_survival_diagnostic_trades_2026-05-03.csv,SPRINT03_CTX_GE2_ENTRY_DELAY_1_V1,9f2486f70462bfb223c22693ad7b75b4aa82b986bb988e0557b1699e2d95f95e,ctx_spike_count>=2;entry_delay_1;no_future_labels,6f6da461e2c4acad7bfe1960,2026-04-25T12:03:00+00:00,2026-04-25T12:02:00+00:00,77769.0,77746.5,9.0,1.5,12
6eab7ef905597e72e4ad2f08,CAND_SHORT_CTX_SPIKE_GE2_ENTRY_DELAY_1,BTCUSDT,H1_H2_CONTEXT_M1_REPLAY,SHORT,2026-04-25T13:45:00+00:00,2026-04-25T13:46:00+00:00,77645.0,77663.0,FIXED_R_MULTIPLE_1.5_OR_EXPIRY_12_BARS,2026-04-25_to_2026-04-25_run_001,research/results/short_reclaim_timing_survival_diagnostic_trades_2026-05-03.csv,SPRINT03_CTX_GE2_ENTRY_DELAY_1_V1,990613c3d2352d429e2554330283e03243266d2cab49fbd4bb375077c0b49b88,ctx_spike_count>=2;entry_delay_1;no_future_labels,40e70a25cbf902a7494597d6,2026-04-25T13:44:00+00:00,2026-04-25T13:41:00+00:00,77663.0,77618.0,18.0,1.5,12
71b5c070efcb7f07c0821f00,CAND_SHORT_CTX_SPIKE_GE2_ENTRY_DELAY_1,BTCUSDT,H1_H2_CONTEXT_M1_REPLAY,SHORT,2026-04-25T17:38:00+00:00,2026-04-25T17:39:00+00:00,77700.0,77715.14,FIXED_R_MULTIPLE_1.5_OR_EXPIRY_12_BARS,2026-04-25_to_2026-04-25_run_001,research/results/short_reclaim_timing_survival_diagnostic_trades_2026-05-03.csv,SPRINT03_CTX_GE2_ENTRY_DELAY_1_V1,0df48627e711431343e651113090bb1e2102653d3cd81af519377718b76ed201,ctx_spike_count>=2;entry_delay_1;no_future_labels,dc94d9b3407a6efd2488f9a1,2026-04-25T17:37:00+00:00,2026-04-25T17:36:00+00:00,77715.14,77677.29,15.14,1.5,12
edaa4a15402b2a40693dbf55,CAND_SHORT_CTX_SPIKE_GE2_ENTRY_DELAY_1,BTCUSDT,H1_H2_CONTEXT_M1_REPLAY,SHORT,2026-04-25T17:52:00+00:00,2026-04-25T17:53:00+00:00,77463.0,77503.03,FIXED_R_MULTIPLE_1.5_OR_EXPIRY_12_BARS,2026-04-25_to_2026-04-25_run_001,research/results/short_reclaim_timing_survival_diagnostic_trades_2026-05-03.csv,SPRINT03_CTX_GE2_ENTRY_DELAY_1_V1,eaca505bee67f698265c042d929163cab13bf15b8aa00c025cbe5465ba992d5f,ctx_spike_count>=2;entry_delay_1;no_future_labels,3bfeb2c3cc36636f9a4be79a,2026-04-25T17:51:00+00:00,2026-04-25T17:50:00+00:00,77503.03,77402.955,40.03,1.5,12
84f6dc0764cb0abb1ba8ae74,CAND_SHORT_CTX_SPIKE_GE2_ENTRY_DELAY_1,BTCUSDT,H1_H2_CONTEXT_M1_REPLAY,SHORT,2026-04-25T18:34:00+00:00,2026-04-25T18:35:00+00:00,77328.0,77389.0,FIXED_R_MULTIPLE_1.5_OR_EXPIRY_12_BARS,2026-04-25_to_2026-04-25_run_001,research/results/short_reclaim_timing_survival_diagnostic_trades_2026-05-03.csv,SPRINT03_CTX_GE2_ENTRY_DELAY_1_V1,6bcee61cee2f1b52cc929c52b9366d7b7904198feebf905afcba7f323eb7235f,ctx_spike_count>=2;entry_delay_1;no_future_labels,102703dddae1e30f1e5f9e4e,2026-04-25T18:33:00+00:00,2026-04-25T18:28:00+00:00,77389.0,77236.5,61.0,1.5,12
c9ee36fa370578dba27d155d,CAND_SHORT_CTX_SPIKE_GE2_ENTRY_DELAY_1,BTCUSDT,H1_H2_CONTEXT_M1_REPLAY,SHORT,2026-04-25T19:29:00+00:00,2026-04-25T19:30:00+00:00,77345.0,77362.64,FIXED_R_MULTIPLE_1.5_OR_EXPIRY_12_BARS,2026-04-25_to_2026-04-25_run_001,research/results/short_reclaim_timing_survival_diagnostic_trades_2026-05-03.csv,SPRINT03_CTX_GE2_ENTRY_DELAY_1_V1,06831be597c8cedf9b6bace7ac81a3eb83b8399f95067b90e168d81e3cc4cb88,ctx_spike_count>=2;entry_delay_1;no_future_labels,fe1889317e04d6e1c03cdb7a,2026-04-25T19:28:00+00:00,2026-04-25T19:22:00+00:00,77362.64,77318.54,17.64,1.5,12
b22a136e9399830e1200c1f1,CAND_SHORT_CTX_SPIKE_GE2_ENTRY_DELAY_1,BTCUSDT,H1_H2_CONTEXT_M1_REPLAY,SHORT,2026-04-25T20:55:00+00:00,2026-04-25T20:56:00+00:00,77309.0,77319.85,FIXED_R_MULTIPLE_1.5_OR_EXPIRY_12_BARS,2026-04-25_to_2026-04-25_run_001,research/results/short_reclaim_timing_survival_diagnostic_trades_2026-05-03.csv,SPRINT03_CTX_GE2_ENTRY_DELAY_1_V1,d635113618c2cf78e7b37bd5ca30ebbd84f5a0b0573c7306cebe82c891286bf1,ctx_spike_count>=2;entry_delay_1;no_future_labels,976f96804c2e31354100d2c7,2026-04-25T20:54:00+00:00,2026-04-25T20:53:00+00:00,77319.85,77292.725,10.85,1.5,12
1e8d6212d721080ae98515ae,CAND_SHORT_CTX_SPIKE_GE2_ENTRY_DELAY_1,BTCUSDT,H1_H2_CONTEXT_M1_REPLAY,SHORT,2026-04-26T11:08:00+00:00,2026-04-26T11:09:00+00:00,77997.0,77999.0,FIXED_R_MULTIPLE_1.5_OR_EXPIRY_12_BARS,2026-04-26_to_2026-04-26_run_001,research/results/short_reclaim_timing_survival_diagnostic_trades_2026-05-03.csv,SPRINT03_CTX_GE2_ENTRY_DELAY_1_V1,5d41655de4fe02b08692d697070cdf686772f2a78ff2775d0d61289898336e82,ctx_spike_count>=2;entry_delay_1;no_future_labels,9169137670694ea678ec27bf,2026-04-26T11:07:00+00:00,2026-04-26T11:03:00+00:00,77999.0,77994.0,2.0,1.5,12
356803d11ef6b463f39d4b1a,CAND_SHORT_CTX_SPIKE_GE2_ENTRY_DELAY_1,BTCUSDT,H1_H2_CONTEXT_M1_REPLAY,SHORT,2026-04-26T18:32:00+00:00,2026-04-26T18:33:00+00:00,78039.0,78040.5,FIXED_R_MULTIPLE_1.5_OR_EXPIRY_12_BARS,2026-04-26_to_2026-04-26_run_001,research/results/short_reclaim_timing_survival_diagnostic_trades_2026-05-03.csv,SPRINT03_CTX_GE2_ENTRY_DELAY_1_V1,091d227ace6b86d6c673efd0e74de672001c1ab664b3771d9fb09492378f4ca9,ctx_spike_count>=2;entry_delay_1;no_future_labels,d2dbcae7cbb875e7cafb4ad6,2026-04-26T18:31:00+00:00,2026-04-26T18:29:00+00:00,78040.5,78036.75,1.5,1.5,12
83c84b7042dc3857ad85204a,CAND_SHORT_CTX_SPIKE_GE2_ENTRY_DELAY_1,BTCUSDT,H1_H2_CONTEXT_M1_REPLAY,SHORT,2026-04-26T20:20:00+00:00,2026-04-26T20:21:00+00:00,78201.0,78210.0,FIXED_R_MULTIPLE_1.5_OR_EXPIRY_12_BARS,2026-04-26_to_2026-04-26_run_001,research/results/short_reclaim_timing_survival_diagnostic_trades_2026-05-03.csv,SPRINT03_CTX_GE2_ENTRY_DELAY_1_V1,600fe934b5c7258350290d0ff5fd96fbc7649b08c3b0aa7064924a5124c93084,ctx_spike_count>=2;entry_delay_1;no_future_labels,f8d8b25a35a9a3c65469bc05,2026-04-26T20:19:00+00:00,2026-04-26T20:19:00+00:00,78210.0,78187.5,9.0,1.5,12
9c989bebef555d9d60fd30f5,CAND_SHORT_CTX_SPIKE_GE2_ENTRY_DELAY_1,BTCUSDT,H1_H2_CONTEXT_M1_REPLAY,SHORT,2026-04-26T22:38:00+00:00,2026-04-26T22:39:00+00:00,78286.0,78322.0,FIXED_R_MULTIPLE_1.5_OR_EXPIRY_12_BARS,2026-04-26_to_2026-04-26_run_001,research/results/short_reclaim_timing_survival_diagnostic_trades_2026-05-03.csv,SPRINT03_CTX_GE2_ENTRY_DELAY_1_V1,0a5d286e3fad58b14470a7152feac5a0e0f47634fa615c85ffe095d2d7254e03,ctx_spike_count>=2;entry_delay_1;no_future_labels,c1b56d8075bf61a2459d3133,2026-04-26T22:37:00+00:00,2026-04-26T22:34:00+00:00,78322.0,78232.0,36.0,1.5,12
5787c2b8de222fa82fa16713,CAND_SHORT_CTX_SPIKE_GE2_ENTRY_DELAY_1,BTCUSDT,H1_H2_CONTEXT_M1_REPLAY,SHORT,2026-04-27T06:06:00+00:00,2026-04-27T06:07:00+00:00,79064.0,79084.13,FIXED_R_MULTIPLE_1.5_OR_EXPIRY_12_BARS,2026-04-27_to_2026-04-27_run_001,research/results/short_reclaim_timing_survival_diagnostic_trades_2026-05-03.csv,SPRINT03_CTX_GE2_ENTRY_DELAY_1_V1,58e95d3f70ffd67b616809aa7c746d8ca4516d5871fee50b09853256a816ce56,ctx_spike_count>=2;entry_delay_1;no_future_labels,59f8125a7e30caf66ff47bf3,2026-04-27T06:05:00+00:00,2026-04-27T06:04:00+00:00,79084.13,79033.805,20.13,1.5,12
c8a06bdad4c458d1c82b1945,CAND_SHORT_CTX_SPIKE_GE2_ENTRY_DELAY_1,BTCUSDT,H1_H2_CONTEXT_M1_REPLAY,SHORT,2026-04-27T07:18:00+00:00,2026-04-27T07:19:00+00:00,78049.0,78100.84,FIXED_R_MULTIPLE_1.5_OR_EXPIRY_12_BARS,2026-04-27_to_2026-04-27_run_001,research/results/short_reclaim_timing_survival_diagnostic_trades_2026-05-03.csv,SPRINT03_CTX_GE2_ENTRY_DELAY_1_V1,f17248a139b9b03780645531eb2f87c34dc1df8bfc63c4158f538f1b9006509f,ctx_spike_count>=2;entry_delay_1;no_future_labels,1d8e980d64e695b239521566,2026-04-27T07:17:00+00:00,2026-04-27T07:16:00+00:00,78100.84,77971.24,51.84,1.5,12
9804f1ca5b58f39920e03714,CAND_SHORT_CTX_SPIKE_GE2_ENTRY_DELAY_1,BTCUSDT,H1_H2_CONTEXT_M1_REPLAY,SHORT,2026-04-28T01:36:00+00:00,2026-04-28T01:37:00+00:00,77207.0,77214.0,FIXED_R_MULTIPLE_1.5_OR_EXPIRY_12_BARS,2026-04-28_to_2026-04-28_run_001,research/results/short_reclaim_timing_survival_diagnostic_trades_2026-05-03.csv,SPRINT03_CTX_GE2_ENTRY_DELAY_1_V1,8d4d0cff6424113bd58a32c19dfc78653d82a0c2cfadd3c7acee45cd7ce9d44f,ctx_spike_count>=2;entry_delay_1;no_future_labels,d524d620cb449fe6236e63d0,2026-04-28T01:35:00+00:00,2026-04-28T01:34:00+00:00,77214.0,77196.5,7.0,1.5,12
d8d5d5aa7fd04bc40e742ce2,CAND_SHORT_CTX_SPIKE_GE2_ENTRY_DELAY_1,BTCUSDT,H1_H2_CONTEXT_M1_REPLAY,SHORT,2026-04-28T16:23:00+00:00,2026-04-28T16:24:00+00:00,75922.0,75956.27,FIXED_R_MULTIPLE_1.5_OR_EXPIRY_12_BARS,2026-04-28_to_2026-04-28_run_001,research/results/short_reclaim_timing_survival_diagnostic_trades_2026-05-03.csv,SPRINT03_CTX_GE2_ENTRY_DELAY_1_V1,b3f6cf3de8b5a46c828f8dbb9ea20957eb2b1560dce3a219c50d325cbbf6a506,ctx_spike_count>=2;entry_delay_1;no_future_labels,6233a29c4993994b3f95c0c1,2026-04-28T16:22:00+00:00,2026-04-28T16:16:00+00:00,75956.27,75870.595,34.27,1.5,12
51c0f164220969298c4cd1fd,CAND_SHORT_CTX_SPIKE_GE2_ENTRY_DELAY_1,BTCUSDT,H1_H2_CONTEXT_M1_REPLAY,SHORT,2026-04-28T19:38:00+00:00,2026-04-28T19:39:00+00:00,76182.0,76223.0,FIXED_R_MULTIPLE_1.5_OR_EXPIRY_12_BARS,2026-04-28_to_2026-04-28_run_001,research/results/short_reclaim_timing_survival_diagnostic_trades_2026-05-03.csv,SPRINT03_CTX_GE2_ENTRY_DELAY_1_V1,a385cdadbed50e42d5e160b72208ace5ca7fbe9f4e886cb1e9349ae807ba915f,ctx_spike_count>=2;entry_delay_1;no_future_labels,5faee82eef82e9be475a03db,2026-04-28T19:37:00+00:00,2026-04-28T19:35:00+00:00,76223.0,76120.5,41.0,1.5,12
bd5da9cffe68195d1b19a4ae,CAND_SHORT_CTX_SPIKE_GE2_ENTRY_DELAY_1,BTCUSDT,H1_H2_CONTEXT_M1_REPLAY,SHORT,2026-04-29T02:05:00+00:00,2026-04-29T02:06:00+00:00,76332.0,76334.5,FIXED_R_MULTIPLE_1.5_OR_EXPIRY_12_BARS,2026-04-29_to_2026-04-29_run_001,research/results/short_reclaim_timing_survival_diagnostic_trades_2026-05-03.csv,SPRINT03_CTX_GE2_ENTRY_DELAY_1_V1,d2a680d76a05380d8448dceee223a3ee5442f6a6cbf6ef1ab7830138f38a330b,ctx_spike_count>=2;entry_delay_1;no_future_labels,88d8aaa2367a4b77df420ac6,2026-04-29T02:04:00+00:00,2026-04-29T02:01:00+00:00,76334.5,76328.25,2.5,1.5,12
66f57f19024fcd5d8bb501d7,CAND_SHORT_CTX_SPIKE_GE2_ENTRY_DELAY_1,BTCUSDT,H1_H2_CONTEXT_M1_REPLAY,SHORT,2026-04-29T15:31:00+00:00,2026-04-29T15:32:00+00:00,76839.0,76873.54,FIXED_R_MULTIPLE_1.5_OR_EXPIRY_12_BARS,2026-04-29_to_2026-04-29_run_001,research/results/short_reclaim_timing_survival_diagnostic_trades_2026-05-03.csv,SPRINT03_CTX_GE2_ENTRY_DELAY_1_V1,9ae65259d66d2a75e2c0f5859986df0a62e943c17d55667de5abbf810e22ca6f,ctx_spike_count>=2;entry_delay_1;no_future_labels,45d992fc8d89f59ecaed33e5,2026-04-29T15:30:00+00:00,2026-04-29T15:28:00+00:00,76873.54,76787.19,34.54,1.5,12
fcbe0a89cc3836eb4f836222,CAND_SHORT_CTX_SPIKE_GE2_ENTRY_DELAY_1,BTCUSDT,H1_H2_CONTEXT_M1_REPLAY,SHORT,2026-04-29T20:03:00+00:00,2026-04-29T20:04:00+00:00,75997.0,76022.5,FIXED_R_MULTIPLE_1.5_OR_EXPIRY_12_BARS,2026-04-29_to_2026-04-29_run_001,research/results/short_reclaim_timing_survival_diagnostic_trades_2026-05-03.csv,SPRINT03_CTX_GE2_ENTRY_DELAY_1_V1,90ee99a9795084d5be60a3d0e731794fc08ddc14738b7ac4be9a479425985fe6,ctx_spike_count>=2;entry_delay_1;no_future_labels,ed66ffbbe744548e5120e8d6,2026-04-29T20:02:00+00:00,2026-04-29T19:58:00+00:00,76022.5,75958.75,25.5,1.5,12
3ca55b414adf34451cefbdcc,CAND_SHORT_CTX_SPIKE_GE2_ENTRY_DELAY_1,BTCUSDT,H1_H2_CONTEXT_M1_REPLAY,SHORT,2026-04-29T23:44:00+00:00,2026-04-29T23:45:00+00:00,75937.0,75943.35,FIXED_R_MULTIPLE_1.5_OR_EXPIRY_12_BARS,2026-04-29_to_2026-04-29_run_001,research/results/short_reclaim_timing_survival_diagnostic_trades_2026-05-03.csv,SPRINT03_CTX_GE2_ENTRY_DELAY_1_V1,c43e6c52bc75fd50b19ee04f7857b354ba1b4e5afb9726c7ead4dcce152e0657,ctx_spike_count>=2;entry_delay_1;no_future_labels,c09a938b85be8bde523ec2b7,2026-04-29T23:43:00+00:00,2026-04-29T23:41:00+00:00,75943.35,75927.475,6.35,1.5,12
a115e624908105373a2e6a6e,CAND_SHORT_CTX_SPIKE_GE2_ENTRY_DELAY_1,BTCUSDT,H1_H2_CONTEXT_M1_REPLAY,SHORT,2026-04-30T17:35:00+00:00,2026-04-30T17:36:00+00:00,76447.0,76464.0,FIXED_R_MULTIPLE_1.5_OR_EXPIRY_12_BARS,2026-04-30_to_2026-04-30_run_001,research/results/short_reclaim_timing_survival_diagnostic_trades_2026-05-03.csv,SPRINT03_CTX_GE2_ENTRY_DELAY_1_V1,3aa4cbc1486657d3846f81e123da83867a047a00a02c8821ba7183cf3dc0979b,ctx_spike_count>=2;entry_delay_1;no_future_labels,7b284570e88ad8016ed79a77,2026-04-30T17:34:00+00:00,2026-04-30T17:29:00+00:00,76464.0,76421.5,17.0,1.5,12
4c24cdc69a50342dab978a3c,CAND_SHORT_CTX_SPIKE_GE2_ENTRY_DELAY_1,BTCUSDT,H1_H2_CONTEXT_M1_REPLAY,SHORT,2026-05-01T00:34:00+00:00,2026-05-01T00:35:00+00:00,76337.0,76434.0,FIXED_R_MULTIPLE_1.5_OR_EXPIRY_12_BARS,2026-05-01_to_2026-05-01_run_001,research/results/short_reclaim_timing_survival_diagnostic_trades_2026-05-03.csv,SPRINT03_CTX_GE2_ENTRY_DELAY_1_V1,75b401d834aa71dd4b55e944572c93ec745c05080859d672bceb412b26808518,ctx_spike_count>=2;entry_delay_1;no_future_labels,23812eb9cdb2ef1397e7b251,2026-05-01T00:33:00+00:00,2026-05-01T00:29:00+00:00,76434.0,76191.5,97.0,1.5,12
650a50b11f60536bbc56bc26,CAND_SHORT_CTX_SPIKE_GE2_ENTRY_DELAY_1,BTCUSDT,H1_H2_CONTEXT_M1_REPLAY,SHORT,2026-05-01T01:04:00+00:00,2026-05-01T01:05:00+00:00,76218.0,76221.24,FIXED_R_MULTIPLE_1.5_OR_EXPIRY_12_BARS,2026-05-01_to_2026-05-01_run_001,research/results/short_reclaim_timing_survival_diagnostic_trades_2026-05-03.csv,SPRINT03_CTX_GE2_ENTRY_DELAY_1_V1,4c759e076ba93867a7797b6abcf7df0bc346ff1b2bfe35b6115abfe42c91ea21,ctx_spike_count>=2;entry_delay_1;no_future_labels,1616c3ddbacb0aa59ee259a1,2026-05-01T01:03:00+00:00,2026-05-01T00:59:00+00:00,76221.24,76213.14,3.24,1.5,12
f14eb6eb106bccc7607c8d27,CAND_SHORT_CTX_SPIKE_GE2_ENTRY_DELAY_1,BTCUSDT,H1_H2_CONTEXT_M1_REPLAY,SHORT,2026-05-01T20:08:00+00:00,2026-05-01T20:09:00+00:00,78494.0,78542.0,FIXED_R_MULTIPLE_1.5_OR_EXPIRY_12_BARS,2026-05-01_to_2026-05-01_run_001,research/results/short_reclaim_timing_survival_diagnostic_trades_2026-05-03.csv,SPRINT03_CTX_GE2_ENTRY_DELAY_1_V1,65e062d59ab1b2683cb5b8ffa85f4b2f71791a8ffc2a4dc26b07dd7812d9330d,ctx_spike_count>=2;entry_delay_1;no_future_labels,1bebebcb281f1d743a44a0bd,2026-05-01T20:07:00+00:00,2026-05-01T20:05:00+00:00,78542.0,78422.0,48.0,1.5,12
f01d90f484ec02e7ad822aff,CAND_SHORT_CTX_SPIKE_GE2_ENTRY_DELAY_1,BTCUSDT,H1_H2_CONTEXT_M1_REPLAY,SHORT,2026-05-01T23:29:00+00:00,2026-05-01T23:30:00+00:00,78015.0,78025.0,FIXED_R_MULTIPLE_1.5_OR_EXPIRY_12_BARS,2026-05-01_to_2026-05-01_run_001,research/results/short_reclaim_timing_survival_diagnostic_trades_2026-05-03.csv,SPRINT03_CTX_GE2_ENTRY_DELAY_1_V1,5f29c273a8e62c485f2dd35e7866e41082159874af209700c0a8222ca008a0bd,ctx_spike_count>=2;entry_delay_1;no_future_labels,be8f72c6b6a36090d9e4782c,2026-05-01T23:28:00+00:00,2026-05-01T23:27:00+00:00,78025.0,78000.0,10.0,1.5,12
476c8c12e27755f9bc83044f,CAND_SHORT_CTX_SPIKE_GE2_ENTRY_DELAY_1,BTCUSDT,H1_H2_CONTEXT_M1_REPLAY,SHORT,2026-05-02T03:01:00+00:00,2026-05-02T03:02:00+00:00,78306.0,78330.0,FIXED_R_MULTIPLE_1.5_OR_EXPIRY_12_BARS,2026-05-02_to_2026-05-02_run_001,research/results/short_reclaim_timing_survival_diagnostic_trades_2026-05-03.csv,SPRINT03_CTX_GE2_ENTRY_DELAY_1_V1,504c44da1e1798b91399708befb3289ea53b2c2a0df1eecfc207da03dd7f8f83,ctx_spike_count>=2;entry_delay_1;no_future_labels,deaf07f2c548ead35763870b,2026-05-02T03:00:00+00:00,2026-05-02T02:59:00+00:00,78330.0,78270.0,24.0,1.5,12
09da0577e163005b4cf78680,CAND_SHORT_CTX_SPIKE_GE2_ENTRY_DELAY_1,BTCUSDT,H1_H2_CONTEXT_M1_REPLAY,SHORT,2026-05-02T03:16:00+00:00,2026-05-02T03:17:00+00:00,78357.0,78363.76,FIXED_R_MULTIPLE_1.5_OR_EXPIRY_12_BARS,2026-05-02_to_2026-05-02_run_001,research/results/short_reclaim_timing_survival_diagnostic_trades_2026-05-03.csv,SPRINT03_CTX_GE2_ENTRY_DELAY_1_V1,36f3763be903b07c7ead5a9ebc9372bd1d2e357ba14638c81e59141833b832a8,ctx_spike_count>=2;entry_delay_1;no_future_labels,3196ba1b8f20b94baaa9ce65,2026-05-02T03:15:00+00:00,2026-05-02T03:14:00+00:00,78363.76,78346.86,6.76,1.5,12
22d2a1b5459d4d2454f67b9c,CAND_SHORT_CTX_SPIKE_GE2_ENTRY_DELAY_1,BTCUSDT,H1_H2_CONTEXT_M1_REPLAY,SHORT,2026-05-02T03:36:00+00:00,2026-05-02T03:37:00+00:00,78361.0,78409.5,FIXED_R_MULTIPLE_1.5_OR_EXPIRY_12_BARS,2026-05-02_to_2026-05-02_run_001,research/results/short_reclaim_timing_survival_diagnostic_trades_2026-05-03.csv,SPRINT03_CTX_GE2_ENTRY_DELAY_1_V1,4a1374d0dad63f3d475e95fe826ba572a567784881f7a0bca0cb904d76138c6a,ctx_spike_count>=2;entry_delay_1;no_future_labels,8467923896e459e2311e5f90,2026-05-02T03:35:00+00:00,2026-05-02T03:33:00+00:00,78409.5,78288.25,48.5,1.5,12
f91c8bc25df0c9bf7b39e0ac,CAND_SHORT_CTX_SPIKE_GE2_ENTRY_DELAY_1,BTCUSDT,H1_H2_CONTEXT_M1_REPLAY,SHORT,2026-05-02T06:00:00+00:00,2026-05-02T06:01:00+00:00,78400.0,78446.5,FIXED_R_MULTIPLE_1.5_OR_EXPIRY_12_BARS,2026-05-02_to_2026-05-02_run_001,research/results/short_reclaim_timing_survival_diagnostic_trades_2026-05-03.csv,SPRINT03_CTX_GE2_ENTRY_DELAY_1_V1,686aa6e96617511dc7a40f502bd5cc3606bd3fa074f94cc38f08eeea3f41c5bd,ctx_spike_count>=2;entry_delay_1;no_future_labels,98f82e3cbdb351b14d058ecb,2026-05-02T05:59:00+00:00,2026-05-02T05:57:00+00:00,78446.5,78330.25,46.5,1.5,12
20e2cba0062ee4c0aad2bc9f,CAND_SHORT_CTX_SPIKE_GE2_ENTRY_DELAY_1,BTCUSDT,H1_H2_CONTEXT_M1_REPLAY,SHORT,2026-05-02T11:40:00+00:00,2026-05-02T11:41:00+00:00,78318.0,78363.0,FIXED_R_MULTIPLE_1.5_OR_EXPIRY_12_BARS,2026-05-02_to_2026-05-02_run_001,research/results/short_reclaim_timing_survival_diagnostic_trades_2026-05-03.csv,SPRINT03_CTX_GE2_ENTRY_DELAY_1_V1,e0ff3d306b19cce27a38ce1f0bc812f5d03ce06ecad6f8d8fa96971b746f1720,ctx_spike_count>=2;entry_delay_1;no_future_labels,dcac7d01a29c79bde8429acb,2026-05-02T11:39:00+00:00,2026-05-02T11:39:00+00:00,78363.0,78250.5,45.0,1.5,12
c6b8a08144b3a3744875b2b6,CAND_SHORT_CTX_SPIKE_GE2_ENTRY_DELAY_1,BTCUSDT,H1_H2_CONTEXT_M1_REPLAY,SHORT,2026-05-02T22:01:00+00:00,2026-05-02T22:02:00+00:00,78459.0,78468.95,FIXED_R_MULTIPLE_1.5_OR_EXPIRY_12_BARS,2026-05-02_to_2026-05-02_run_001,research/results/short_reclaim_timing_survival_diagnostic_trades_2026-05-03.csv,SPRINT03_CTX_GE2_ENTRY_DELAY_1_V1,ecf0c815653b79bb06aba3bc5434f9043264d27e2f75adf8d6561bd335d33b60,ctx_spike_count>=2;entry_delay_1;no_future_labels,d1e8bc1b087693f8b57d70ba,2026-05-02T22:00:00+00:00,2026-05-02T21:59:00+00:00,78468.95,78444.075,9.95,1.5,12
8d8fd9bcaf63778818c49f93,CAND_SHORT_CTX_SPIKE_GE2_ENTRY_DELAY_1,BTCUSDT,H1_H2_CONTEXT_M1_REPLAY,SHORT,2026-05-03T00:23:00+00:00,2026-05-03T00:24:00+00:00,78677.0,78684.57,FIXED_R_MULTIPLE_1.5_OR_EXPIRY_12_BARS,2026-05-03_to_2026-05-03_run_001,research/results/short_reclaim_timing_survival_diagnostic_trades_2026-05-03.csv,SPRINT03_CTX_GE2_ENTRY_DELAY_1_V1,d79b785b3c74d0264c5b1f593b3ac9d9f7b481a97a4549200aee7f4b3ef25d96,ctx_spike_count>=2;entry_delay_1;no_future_labels,e1b751683da5e406f13384a2,2026-05-03T00:22:00+00:00,2026-05-03T00:21:00+00:00,78684.57,78665.645,7.57,1.5,12
60bb7d457599a0fdf3c99919,CAND_SHORT_CTX_SPIKE_GE2_ENTRY_DELAY_1,BTCUSDT,H1_H2_CONTEXT_M1_REPLAY,SHORT,2026-05-03T05:37:00+00:00,2026-05-03T05:38:00+00:00,78180.0,78194.5,FIXED_R_MULTIPLE_1.5_OR_EXPIRY_12_BARS,2026-05-03_to_2026-05-03_run_001,research/results/short_reclaim_timing_survival_diagnostic_trades_2026-05-03.csv,SPRINT03_CTX_GE2_ENTRY_DELAY_1_V1,40bf51822f9c0b53656be83da1f73039b419a8c9f3be6c6a9cf685d73f3c525d,ctx_spike_count>=2;entry_delay_1;no_future_labels,0753ba536a81e4a3f24dc228,2026-05-03T05:36:00+00:00,2026-05-03T05:35:00+00:00,78194.5,78158.25,14.5,1.5,12
e189c829df8cc223c8b04896,CAND_SHORT_CTX_SPIKE_GE2_ENTRY_DELAY_1,BTCUSDT,H1_H2_CONTEXT_M1_REPLAY,SHORT,2026-05-03T05:56:00+00:00,2026-05-03T05:57:00+00:00,78195.0,78196.87,FIXED_R_MULTIPLE_1.5_OR_EXPIRY_12_BARS,2026-05-03_to_2026-05-03_run_001,research/results/short_reclaim_timing_survival_diagnostic_trades_2026-05-03.csv,SPRINT03_CTX_GE2_ENTRY_DELAY_1_V1,37b34144268f61333a8eae1c300cfca1fd94ca5073edfd8c0c35569ad1dde4b3,ctx_spike_count>=2;entry_delay_1;no_future_labels,1beafe681978d1828657ef5f,2026-05-03T05:55:00+00:00,2026-05-03T05:52:00+00:00,78196.87,78192.195,1.87,1.5,12
db6be40762e26de89ec56339,CAND_SHORT_CTX_SPIKE_GE2_ENTRY_DELAY_1,BTCUSDT,H1_H2_CONTEXT_M1_REPLAY,SHORT,2026-05-03T19:27:00+00:00,2026-05-03T19:28:00+00:00,78776.0,78781.0,FIXED_R_MULTIPLE_1.5_OR_EXPIRY_12_BARS,2026-05-03_to_2026-05-03_run_001,research/results/short_reclaim_timing_survival_diagnostic_trades_2026-05-03.csv,SPRINT03_CTX_GE2_ENTRY_DELAY_1_V1,8eeab12d6cd999367a1d2d4979b69e7e2b530002fd8272bd322392642c9deb17,ctx_spike_count>=2;entry_delay_1;no_future_labels,6d8d146f9ab896537e3410b3,2026-05-03T19:26:00+00:00,2026-05-03T19:25:00+00:00,78781.0,78768.5,5.0,1.5,12
2ce665d6288fa46d8fead3b2,CAND_SHORT_CTX_SPIKE_GE2_ENTRY_DELAY_1,BTCUSDT,H1_H2_CONTEXT_M1_REPLAY,SHORT,2026-05-03T21:55:00+00:00,2026-05-03T21:56:00+00:00,78773.0,78789.0,FIXED_R_MULTIPLE_1.5_OR_EXPIRY_12_BARS,2026-05-03_to_2026-05-03_run_001,research/results/short_reclaim_timing_survival_diagnostic_trades_2026-05-03.csv,SPRINT03_CTX_GE2_ENTRY_DELAY_1_V1,cf5d341893e1132b9acf6df8cb5c3e3002ed10ff898d7487e2afa80ff8960122,ctx_spike_count>=2;entry_delay_1;no_future_labels,7967c44af6da0ee9e9c0f191,2026-05-03T21:54:00+00:00,2026-05-03T21:53:00+00:00,78789.0,78749.0,16.0,1.5,12
1fe2a7e338eb39614083be9a,CAND_SHORT_CTX_SPIKE_GE2_ENTRY_DELAY_1,BTCUSDT,H1_H2_CONTEXT_M1_REPLAY,SHORT,2026-05-04T19:55:00+00:00,2026-05-04T19:56:00+00:00,80443.0,80545.0,FIXED_R_MULTIPLE_1.5_OR_EXPIRY_12_BARS,2026-05-04_to_2026-05-04_run_001,research/results/short_reclaim_timing_survival_diagnostic_trades_2026-05-03.csv,SPRINT03_CTX_GE2_ENTRY_DELAY_1_V1,be1d4f6c89179ffe607e5833856e9126487f0adf7b19fc3e79eb07a239727c7c,ctx_spike_count>=2;entry_delay_1;no_future_labels,8cceef1ba9a293354a12cbcb,2026-05-04T19:54:00+00:00,2026-05-04T19:54:00+00:00,80545.0,80290.0,102.0,1.5,12
a9124f9539415a324677863f,CAND_SHORT_CTX_SPIKE_GE2_ENTRY_DELAY_1,BTCUSDT,H1_H2_CONTEXT_M1_REPLAY,SHORT,2026-05-04T19:55:00+00:00,2026-05-04T19:56:00+00:00,80443.0,80636.0,FIXED_R_MULTIPLE_1.5_OR_EXPIRY_12_BARS,2026-05-04_to_2026-05-04_run_001,research/results/short_reclaim_timing_survival_diagnostic_trades_2026-05-03.csv,SPRINT03_CTX_GE2_ENTRY_DELAY_1_V1,c60036acc3512ae6d962922122b38da0666f28e38660ad80ae7e6626b9d07377,ctx_spike_count>=2;entry_delay_1;no_future_labels,f137f26655fd73856f71b6db,2026-05-04T19:54:00+00:00,2026-05-04T19:54:00+00:00,80636.0,80153.5,193.0,1.5,12
e68f8bd8d9ce0a9c3f425898,CAND_SHORT_CTX_SPIKE_GE2_ENTRY_DELAY_1,BTCUSDT,H1_H2_CONTEXT_M1_REPLAY,SHORT,2026-05-05T05:40:00+00:00,2026-05-05T05:41:00+00:00,80871.0,80940.0,FIXED_R_MULTIPLE_1.5_OR_EXPIRY_12_BARS,2026-05-05_to_2026-05-05_run_001,research/results/short_reclaim_timing_survival_diagnostic_trades_2026-05-03.csv,SPRINT03_CTX_GE2_ENTRY_DELAY_1_V1,06573e279915e89ec3a8f7dbdc78f08b4e19b08a4c6b8820387f51b73a727f5c,ctx_spike_count>=2;entry_delay_1;no_future_labels,0487a2eb5a5db8181a628e5e,2026-05-05T05:39:00+00:00,2026-05-05T05:38:00+00:00,80940.0,80767.5,69.0,1.5,12
c0bd94a3f2018b42ad459595,CAND_SHORT_CTX_SPIKE_GE2_ENTRY_DELAY_1,BTCUSDT,H1_H2_CONTEXT_M1_REPLAY,SHORT,2026-05-05T10:38:00+00:00,2026-05-05T10:39:00+00:00,80807.0,80824.0,FIXED_R_MULTIPLE_1.5_OR_EXPIRY_12_BARS,2026-05-05_to_2026-05-05_run_001,research/results/short_reclaim_timing_survival_diagnostic_trades_2026-05-03.csv,SPRINT03_CTX_GE2_ENTRY_DELAY_1_V1,ff0c824688f8ff0db84209ea44fc7ed1740998fae255e006e852b62ebfcc6227,ctx_spike_count>=2;entry_delay_1;no_future_labels,e10960f0c253ff1f1ad48421,2026-05-05T10:37:00+00:00,2026-05-05T10:34:00+00:00,80824.0,80781.5,17.0,1.5,12
d3c77aac23ddb7d21a173889,CAND_SHORT_CTX_SPIKE_GE2_ENTRY_DELAY_1,BTCUSDT,H1_H2_CONTEXT_M1_REPLAY,SHORT,2026-05-05T12:38:00+00:00,2026-05-05T12:39:00+00:00,80768.0,80783.5,FIXED_R_MULTIPLE_1.5_OR_EXPIRY_12_BARS,2026-05-05_to_2026-05-05_run_001,research/results/short_reclaim_timing_survival_diagnostic_trades_2026-05-03.csv,SPRINT03_CTX_GE2_ENTRY_DELAY_1_V1,1e6c94e4e14c6c613f1203fe2ad1ea866439a29e03475246111e0e6b3d90fb82,ctx_spike_count>=2;entry_delay_1;no_future_labels,a6d5064ba45143d328489738,2026-05-05T12:37:00+00:00,2026-05-05T12:34:00+00:00,80783.5,80744.75,15.5,1.5,12
b4917f36afba3f6baf1c8ee2,CAND_SHORT_CTX_SPIKE_GE2_ENTRY_DELAY_1,BTCUSDT,H1_H2_CONTEXT_M1_REPLAY,SHORT,2026-05-05T13:17:00+00:00,2026-05-05T13:18:00+00:00,80901.0,80902.41,FIXED_R_MULTIPLE_1.5_OR_EXPIRY_12_BARS,2026-05-05_to_2026-05-05_run_001,research/results/short_reclaim_timing_survival_diagnostic_trades_2026-05-03.csv,SPRINT03_CTX_GE2_ENTRY_DELAY_1_V1,8cdf4cb614c08b7d3b8866d7036b799b7a9da9cb8de52b44cef3b54b5ca36fe6,ctx_spike_count>=2;entry_delay_1;no_future_labels,65622a0977e3f73877bae01d,2026-05-05T13:16:00+00:00,2026-05-05T13:14:00+00:00,80902.41,80898.885,1.41,1.5,12
365a63a91b5d2b31f1950bd5,CAND_SHORT_CTX_SPIKE_GE2_ENTRY_DELAY_1,BTCUSDT,H1_H2_CONTEXT_M1_REPLAY,SHORT,2026-05-05T21:35:00+00:00,2026-05-05T21:36:00+00:00,81590.0,81601.05,FIXED_R_MULTIPLE_1.5_OR_EXPIRY_12_BARS,2026-05-05_to_2026-05-05_run_001,research/results/short_reclaim_timing_survival_diagnostic_trades_2026-05-03.csv,SPRINT03_CTX_GE2_ENTRY_DELAY_1_V1,a8e48e914d0f2330442e4c08d4fb02d9e0f9a8becc8a73af79bb45c0b8f00024,ctx_spike_count>=2;entry_delay_1;no_future_labels,db9bfaddc81920f855fcae04,2026-05-05T21:34:00+00:00,2026-05-05T21:33:00+00:00,81601.05,81573.425,11.05,1.5,12
d9eed2ed38f64f3ab8f595bc,CAND_SHORT_CTX_SPIKE_GE2_ENTRY_DELAY_1,BTCUSDT,H1_H2_CONTEXT_M1_REPLAY,SHORT,2026-05-05T22:05:00+00:00,2026-05-05T22:06:00+00:00,81702.0,81712.0,FIXED_R_MULTIPLE_1.5_OR_EXPIRY_12_BARS,2026-05-05_to_2026-05-05_run_001,research/results/short_reclaim_timing_survival_diagnostic_trades_2026-05-03.csv,SPRINT03_CTX_GE2_ENTRY_DELAY_1_V1,bb796af6aee73659107a9a0243ef9124dc8ce053ddef745a4700086e64fdefa4,ctx_spike_count>=2;entry_delay_1;no_future_labels,1106a5daa066c79dd7ae9270,2026-05-05T22:04:00+00:00,2026-05-05T22:04:00+00:00,81712.0,81687.0,10.0,1.5,12
56061795524d826e6f269dbd,CAND_SHORT_CTX_SPIKE_GE2_ENTRY_DELAY_1,BTCUSDT,H1_H2_CONTEXT_M1_REPLAY,SHORT,2026-05-06T00:30:00+00:00,2026-05-06T00:31:00+00:00,81439.0,81480.0,FIXED_R_MULTIPLE_1.5_OR_EXPIRY_12_BARS,2026-05-06_to_2026-05-06_run_001,research/results/short_reclaim_timing_survival_diagnostic_trades_2026-05-03.csv,SPRINT03_CTX_GE2_ENTRY_DELAY_1_V1,2f89b5d794b608c15599bc82067de10d82c59d7c32024462a201aeb25eb70811,ctx_spike_count>=2;entry_delay_1;no_future_labels,ecf1838394a736e8b63f446c,2026-05-06T00:29:00+00:00,2026-05-06T00:27:00+00:00,81480.0,81377.5,41.0,1.5,12
9dcab3738693532a144683c1,CAND_SHORT_CTX_SPIKE_GE2_ENTRY_DELAY_1,BTCUSDT,H1_H2_CONTEXT_M1_REPLAY,SHORT,2026-05-06T03:20:00+00:00,2026-05-06T03:21:00+00:00,81288.0,81293.07,FIXED_R_MULTIPLE_1.5_OR_EXPIRY_12_BARS,2026-05-06_to_2026-05-06_run_001,research/results/short_reclaim_timing_survival_diagnostic_trades_2026-05-03.csv,SPRINT03_CTX_GE2_ENTRY_DELAY_1_V1,a4ede605f5b8650bc8d680e38976f90a4b2ee981be4f7215dedefeb91d8994ed,ctx_spike_count>=2;entry_delay_1;no_future_labels,ef4f93a5db7fdc334a317692,2026-05-06T03:19:00+00:00,2026-05-06T03:18:00+00:00,81293.07,81280.395,5.07,1.5,12
618cd77688b690341af30add,CAND_SHORT_CTX_SPIKE_GE2_ENTRY_DELAY_1,BTCUSDT,H1_H2_CONTEXT_M1_REPLAY,SHORT,2026-05-06T07:40:00+00:00,2026-05-06T07:41:00+00:00,81068.0,81102.62,FIXED_R_MULTIPLE_1.5_OR_EXPIRY_12_BARS,2026-05-06_to_2026-05-06_run_001,research/results/short_reclaim_timing_survival_diagnostic_trades_2026-05-03.csv,SPRINT03_CTX_GE2_ENTRY_DELAY_1_V1,c0a61b05ea97692e7315874952944b1b66d910bf590113a69fb60bc3a8d30970,ctx_spike_count>=2;entry_delay_1;no_future_labels,7b93e0005b808a0dbdf92e21,2026-05-06T07:39:00+00:00,2026-05-06T07:37:00+00:00,81102.62,81016.07,34.62,1.5,12
01368b0c31c37a4feb4e52eb,CAND_SHORT_CTX_SPIKE_GE2_ENTRY_DELAY_1,BTCUSDT,H1_H2_CONTEXT_M1_REPLAY,SHORT,2026-05-06T10:39:00+00:00,2026-05-06T10:40:00+00:00,81690.0,81761.0,FIXED_R_MULTIPLE_1.5_OR_EXPIRY_12_BARS,2026-05-06_to_2026-05-06_run_001,research/results/short_reclaim_timing_survival_diagnostic_trades_2026-05-03.csv,SPRINT03_CTX_GE2_ENTRY_DELAY_1_V1,6e0ab436fc5c24e7c4109f41e21b05235ec32fbce06bacf8cfccbafd7f717079,ctx_spike_count>=2;entry_delay_1;no_future_labels,7bc1ef999b50cf1d18a4ba11,2026-05-06T10:38:00+00:00,2026-05-06T10:38:00+00:00,81761.0,81583.5,71.0,1.5,12
678007a34e35a4156e2ab94f,CAND_SHORT_CTX_SPIKE_GE2_ENTRY_DELAY_1,BTCUSDT,H1_H2_CONTEXT_M1_REPLAY,SHORT,2026-05-06T10:58:00+00:00,2026-05-06T10:59:00+00:00,81903.0,81928.0,FIXED_R_MULTIPLE_1.5_OR_EXPIRY_12_BARS,2026-05-06_to_2026-05-06_run_001,research/results/short_reclaim_timing_survival_diagnostic_trades_2026-05-03.csv,SPRINT03_CTX_GE2_ENTRY_DELAY_1_V1,17a03ac3a0cb7576be6eca4434777f3d12755089b94a6a3a0d35324898a09183,ctx_spike_count>=2;entry_delay_1;no_future_labels,838cc6f521ece8ec6b7e0781,2026-05-06T10:57:00+00:00,2026-05-06T10:55:00+00:00,81928.0,81865.5,25.0,1.5,12
ab3de8c1b0909a064ebc2acc,CAND_SHORT_CTX_SPIKE_GE2_ENTRY_DELAY_1,BTCUSDT,H1_H2_CONTEXT_M1_REPLAY,SHORT,2026-05-07T06:12:00+00:00,2026-05-07T06:13:00+00:00,80896.1,80914.36,FIXED_R_MULTIPLE_1.5_OR_EXPIRY_12_BARS,2026-05-07_to_2026-05-07_run_001,research/results/short_reclaim_timing_survival_diagnostic_trades_2026-05-03.csv,SPRINT03_CTX_GE2_ENTRY_DELAY_1_V1,cfd63e8aa92ff960e8f8b371b4c4bd8dee9502fcc855c7947d5ad40f29b34cd1,ctx_spike_count>=2;entry_delay_1;no_future_labels,2560c82d0d560a8f2a513dc9,2026-05-07T06:11:00+00:00,2026-05-07T06:10:00+00:00,80914.36,80868.71,18.26,1.5,12
5f7f71802181ce01b97b45f9,CAND_SHORT_CTX_SPIKE_GE2_ENTRY_DELAY_1,BTCUSDT,H1_H2_CONTEXT_M1_REPLAY,SHORT,2026-05-07T07:11:00+00:00,2026-05-07T07:12:00+00:00,81430.7,81440.8,FIXED_R_MULTIPLE_1.5_OR_EXPIRY_12_BARS,2026-05-07_to_2026-05-07_run_001,research/results/short_reclaim_timing_survival_diagnostic_trades_2026-05-03.csv,SPRINT03_CTX_GE2_ENTRY_DELAY_1_V1,17fbbf553b633791f8c9f46242ef43228fe58ea40b2582b5346e849c89ce982b,ctx_spike_count>=2;entry_delay_1;no_future_labels,226ddbde7620808a109f9219,2026-05-07T07:10:00+00:00,2026-05-07T07:08:00+00:00,81440.8,81415.55,10.1,1.5,12
4ac6d5e6e22872171a3a68dc,CAND_SHORT_CTX_SPIKE_GE2_ENTRY_DELAY_1,BTCUSDT,H1_H2_CONTEXT_M1_REPLAY,SHORT,2026-05-07T11:09:00+00:00,2026-05-07T11:10:00+00:00,80885.2,80962.55,FIXED_R_MULTIPLE_1.5_OR_EXPIRY_12_BARS,2026-05-07_to_2026-05-07_run_001,research/results/short_reclaim_timing_survival_diagnostic_trades_2026-05-03.csv,SPRINT03_CTX_GE2_ENTRY_DELAY_1_V1,adf8eb27b6db244e4bff0f644e96088e94556901b29fe414b16bf07864a66282,ctx_spike_count>=2;entry_delay_1;no_future_labels,3115eb36037cbffc774db4fd,2026-05-07T11:08:00+00:00,2026-05-07T11:06:00+00:00,80962.55,80769.175,77.35,1.5,12
b3bb728a4a53cf6d20b1a540,CAND_SHORT_CTX_SPIKE_GE2_ENTRY_DELAY_1,BTCUSDT,H1_H2_CONTEXT_M1_REPLAY,SHORT,2026-05-07T18:46:00+00:00,2026-05-07T18:47:00+00:00,80101.8,80125.28,FIXED_R_MULTIPLE_1.5_OR_EXPIRY_12_BARS,2026-05-07_to_2026-05-07_run_001,research/results/short_reclaim_timing_survival_diagnostic_trades_2026-05-03.csv,SPRINT03_CTX_GE2_ENTRY_DELAY_1_V1,f6590a7695b01549791d20b98e79ba920e7492ed2c76ff546adf09202429cf30,ctx_spike_count>=2;entry_delay_1;no_future_labels,bcaeab880c3e7673f640ea37,2026-05-07T18:45:00+00:00,2026-05-07T18:39:00+00:00,80125.28,80066.58,23.48,1.5,12
542ec9ec3e6b988776b507f8,CAND_SHORT_CTX_SPIKE_GE2_ENTRY_DELAY_1,BTCUSDT,H1_H2_CONTEXT_M1_REPLAY,SHORT,2026-05-07T20:05:00+00:00,2026-05-07T20:06:00+00:00,80210.1,80235.0,FIXED_R_MULTIPLE_1.5_OR_EXPIRY_12_BARS,2026-05-07_to_2026-05-07_run_001,research/results/short_reclaim_timing_survival_diagnostic_trades_2026-05-03.csv,SPRINT03_CTX_GE2_ENTRY_DELAY_1_V1,b656cb97c000b82a37ec44b04c2f1514e7cae05a7cb18d9996e086293b846393,ctx_spike_count>=2;entry_delay_1;no_future_labels,f75a02952eb306622b539190,2026-05-07T20:04:00+00:00,2026-05-07T20:04:00+00:00,80235.0,80172.75,24.9,1.5,12
bbb71f837c836cc779370d8f,CAND_SHORT_CTX_SPIKE_GE2_ENTRY_DELAY_1,BTCUSDT,H1_H2_CONTEXT_M1_REPLAY,SHORT,2026-05-07T22:36:00+00:00,2026-05-07T22:37:00+00:00,79759.3,79862.0,FIXED_R_MULTIPLE_1.5_OR_EXPIRY_12_BARS,2026-05-07_to_2026-05-07_run_001,research/results/short_reclaim_timing_survival_diagnostic_trades_2026-05-03.csv,SPRINT03_CTX_GE2_ENTRY_DELAY_1_V1,6e5229df464986d26525e8e27794e5386ad8f97d248bb9cfbe7f648c82c21d92,ctx_spike_count>=2;entry_delay_1;no_future_labels,538e9075dc0a723a5aae4333,2026-05-07T22:35:00+00:00,2026-05-07T22:31:00+00:00,79862.0,79605.25,102.7,1.5,12
84c566f6c785f785e8c67fbf,CAND_SHORT_CTX_SPIKE_GE2_ENTRY_DELAY_1,BTCUSDT,H1_H2_CONTEXT_M1_REPLAY,SHORT,2026-05-07T23:53:00+00:00,2026-05-07T23:54:00+00:00,79987.4,80007.88,FIXED_R_MULTIPLE_1.5_OR_EXPIRY_12_BARS,2026-05-07_to_2026-05-07_run_001,research/results/short_reclaim_timing_survival_diagnostic_trades_2026-05-03.csv,SPRINT03_CTX_GE2_ENTRY_DELAY_1_V1,f507ecc923d680bc26122db6f64c1274d1f1f5264693ed6011f145274261d786,ctx_spike_count>=2;entry_delay_1;no_future_labels,65c8c71fd7528cbf26a0a19e,2026-05-07T23:52:00+00:00,2026-05-07T23:51:00+00:00,80007.88,79956.68,20.48,1.5,12
c89a11c8961b3b2c668949c6,CAND_SHORT_CTX_SPIKE_GE2_ENTRY_DELAY_1,BTCUSDT,H1_H2_CONTEXT_M1_REPLAY,SHORT,2026-05-08T13:41:00+00:00,2026-05-08T13:42:00+00:00,79635.9,79739.1,FIXED_R_MULTIPLE_1.5_OR_EXPIRY_12_BARS,2026-05-08_to_2026-05-08_run_001,research/results/short_reclaim_timing_survival_diagnostic_trades_2026-05-03.csv,SPRINT03_CTX_GE2_ENTRY_DELAY_1_V1,db6e74df1b3ca27d897159944b6f26558a3d0b3d318013d4739fc5a3f96a8fe2,ctx_spike_count>=2;entry_delay_1;no_future_labels,e27a9cd3ad4d0a96e4101481,2026-05-08T13:40:00+00:00,2026-05-08T13:39:00+00:00,79739.1,79481.1,103.2,1.5,12
531170f0274b97641c5463c9,CAND_SHORT_CTX_SPIKE_GE2_ENTRY_DELAY_1,BTCUSDT,H1_H2_CONTEXT_M1_REPLAY,SHORT,2026-05-08T22:04:00+00:00,2026-05-08T22:05:00+00:00,80248.3,80260.9,FIXED_R_MULTIPLE_1.5_OR_EXPIRY_12_BARS,2026-05-08_to_2026-05-08_run_001,research/results/short_reclaim_timing_survival_diagnostic_trades_2026-05-03.csv,SPRINT03_CTX_GE2_ENTRY_DELAY_1_V1,c73efccab5a5645e34ece86c4036a6f7ef5ca527a241046ca6b9b58dbb043fd5,ctx_spike_count>=2;entry_delay_1;no_future_labels,9981d9aaf84f66f6da287f60,2026-05-08T22:03:00+00:00,2026-05-08T22:03:00+00:00,80260.9,80229.4,12.6,1.5,12
c695c9a1ab2fdca8eb8e4448,CAND_SHORT_CTX_SPIKE_GE2_ENTRY_DELAY_1,BTCUSDT,H1_H2_CONTEXT_M1_REPLAY,SHORT,2026-05-09T07:39:00+00:00,2026-05-09T07:40:00+00:00,80202.3,80217.91,FIXED_R_MULTIPLE_1.5_OR_EXPIRY_12_BARS,2026-05-09_to_2026-05-09_run_001,research/results/short_reclaim_timing_survival_diagnostic_trades_2026-05-03.csv,SPRINT03_CTX_GE2_ENTRY_DELAY_1_V1,9e3575a05c51a5e5bbb06a23c93f419996a90e429f1fd061f49fba09bfe8e314,ctx_spike_count>=2;entry_delay_1;no_future_labels,f3e005ccc8553c65177ed01d,2026-05-09T07:38:00+00:00,2026-05-09T07:32:00+00:00,80217.91,80178.885,15.61,1.5,12
639b1949e6af2728250b4541,CAND_SHORT_CTX_SPIKE_GE2_ENTRY_DELAY_1,BTCUSDT,H1_H2_CONTEXT_M1_REPLAY,SHORT,2026-05-09T07:47:00+00:00,2026-05-09T07:48:00+00:00,80141.7,80180.83,FIXED_R_MULTIPLE_1.5_OR_EXPIRY_12_BARS,2026-05-09_to_2026-05-09_run_001,research/results/short_reclaim_timing_survival_diagnostic_trades_2026-05-03.csv,SPRINT03_CTX_GE2_ENTRY_DELAY_1_V1,35146de66af4ceb9195285484cd855566ee36a4792aa95638d5b67d8c2a2b43f,ctx_spike_count>=2;entry_delay_1;no_future_labels,4ebb66eee2e54610841019ee,2026-05-09T07:46:00+00:00,2026-05-09T07:45:00+00:00,80180.83,80083.005,39.13,1.5,12
753a3cdfb5d714024810d95c,CAND_SHORT_CTX_SPIKE_GE2_ENTRY_DELAY_1,BTCUSDT,H1_H2_CONTEXT_M1_REPLAY,SHORT,2026-05-09T11:07:00+00:00,2026-05-09T11:08:00+00:00,80240.0,80245.0,FIXED_R_MULTIPLE_1.5_OR_EXPIRY_12_BARS,2026-05-09_to_2026-05-09_run_001,research/results/short_reclaim_timing_survival_diagnostic_trades_2026-05-03.csv,SPRINT03_CTX_GE2_ENTRY_DELAY_1_V1,7afc850f12b5609f4d55e5f58cd4b238549d9c604a651ae98781beec76f767d9,ctx_spike_count>=2;entry_delay_1;no_future_labels,a0254c45d15470954642bbf1,2026-05-09T11:06:00+00:00,2026-05-09T11:03:00+00:00,80245.0,80232.5,5.0,1.5,12
515ead41c7a6cf0b4cc29499,CAND_SHORT_CTX_SPIKE_GE2_ENTRY_DELAY_1,BTCUSDT,H1_H2_CONTEXT_M1_REPLAY,SHORT,2026-05-09T12:08:00+00:00,2026-05-09T12:09:00+00:00,80296.1,80334.75,FIXED_R_MULTIPLE_1.5_OR_EXPIRY_12_BARS,2026-05-09_to_2026-05-09_run_001,research/results/short_reclaim_timing_survival_diagnostic_trades_2026-05-03.csv,SPRINT03_CTX_GE2_ENTRY_DELAY_1_V1,d6f3a79eb9cb378246e5dec9ee00be1eaed2f2b798bc4cfb155fa4287da7887c,ctx_spike_count>=2;entry_delay_1;no_future_labels,3efdb392b47d99d3dfe0ea2d,2026-05-09T12:07:00+00:00,2026-05-09T12:06:00+00:00,80334.75,80238.125,38.65,1.5,12
bb8660d86217ad123cbe5907,CAND_SHORT_CTX_SPIKE_GE2_ENTRY_DELAY_1,BTCUSDT,H1_H2_CONTEXT_M1_REPLAY,SHORT,2026-05-10T00:47:00+00:00,2026-05-10T00:48:00+00:00,80657.2,80675.2,FIXED_R_MULTIPLE_1.5_OR_EXPIRY_12_BARS,2026-05-10_to_2026-05-10_run_001,research/results/short_reclaim_timing_survival_diagnostic_trades_2026-05-03.csv,SPRINT03_CTX_GE2_ENTRY_DELAY_1_V1,d266dbfecd9877270d9e95c2bc4d175cfadd768bd29a25aa49421f6f004028a4,ctx_spike_count>=2;entry_delay_1;no_future_labels,a4764f75b5f25a5e5e4dd9fd,2026-05-10T00:46:00+00:00,2026-05-10T00:40:00+00:00,80675.2,80630.2,18.0,1.5,12
825c890541544924431fa9e5,CAND_SHORT_CTX_SPIKE_GE2_ENTRY_DELAY_1,BTCUSDT,H1_H2_CONTEXT_M1_REPLAY,SHORT,2026-05-10T02:31:00+00:00,2026-05-10T02:32:00+00:00,80692.8,80716.18,FIXED_R_MULTIPLE_1.5_OR_EXPIRY_12_BARS,2026-05-10_to_2026-05-10_run_001,research/results/short_reclaim_timing_survival_diagnostic_trades_2026-05-03.csv,SPRINT03_CTX_GE2_ENTRY_DELAY_1_V1,a2721497f5b455ca37452a59e7b0864d5586afab794d016fe00e402fd44936a5,ctx_spike_count>=2;entry_delay_1;no_future_labels,5f3032fe53f74ff64a2403fc,2026-05-10T02:30:00+00:00,2026-05-10T02:29:00+00:00,80716.18,80657.73,23.38,1.5,12
163c9d14a2e31be213e9e453,CAND_SHORT_CTX_SPIKE_GE2_ENTRY_DELAY_1,BTCUSDT,H1_H2_CONTEXT_M1_REPLAY,SHORT,2026-05-10T04:36:00+00:00,2026-05-10T04:37:00+00:00,80779.3,80783.45,FIXED_R_MULTIPLE_1.5_OR_EXPIRY_12_BARS,2026-05-10_to_2026-05-10_run_001,research/results/short_reclaim_timing_survival_diagnostic_trades_2026-05-03.csv,SPRINT03_CTX_GE2_ENTRY_DELAY_1_V1,2b6985818a6f9c73796a468f3740fcd8f87c02e6d71f28dc26808a4b4d09ca11,ctx_spike_count>=2;entry_delay_1;no_future_labels,d428ebdff31c7ae390ef8145,2026-05-10T04:35:00+00:00,2026-05-10T04:32:00+00:00,80783.45,80773.075,4.15,1.5,12
3f0a11a9fff5327a05e838a7,CAND_SHORT_CTX_SPIKE_GE2_ENTRY_DELAY_1,BTCUSDT,H1_H2_CONTEXT_M1_REPLAY,SHORT,2026-05-10T08:28:00+00:00,2026-05-10T08:29:00+00:00,80828.4,80859.9,FIXED_R_MULTIPLE_1.5_OR_EXPIRY_12_BARS,2026-05-10_to_2026-05-10_run_001,research/results/short_reclaim_timing_survival_diagnostic_trades_2026-05-03.csv,SPRINT03_CTX_GE2_ENTRY_DELAY_1_V1,e1e65173463118b05790ab44f578d2db28f9dc146bf4562832d75164aaa8cff9,ctx_spike_count>=2;entry_delay_1;no_future_labels,89e8b88c0e3baf8b448a8dcb,2026-05-10T08:27:00+00:00,2026-05-10T08:27:00+00:00,80859.9,80781.15,31.5,1.5,12
27e74b92cd123a048d4ad746,CAND_SHORT_CTX_SPIKE_GE2_ENTRY_DELAY_1,BTCUSDT,H1_H2_CONTEXT_M1_REPLAY,SHORT,2026-05-10T10:13:00+00:00,2026-05-10T10:14:00+00:00,80736.0,80753.15,FIXED_R_MULTIPLE_1.5_OR_EXPIRY_12_BARS,2026-05-10_to_2026-05-10_run_001,research/results/short_reclaim_timing_survival_diagnostic_trades_2026-05-03.csv,SPRINT03_CTX_GE2_ENTRY_DELAY_1_V1,d169d2d504725a51b8edf1b618b2985c8d1098e89a33429d93e229b7fee5bb7b,ctx_spike_count>=2;entry_delay_1;no_future_labels,fe58795563a754f23dbd1fd1,2026-05-10T10:12:00+00:00,2026-05-10T10:10:00+00:00,80753.15,80710.275,17.15,1.5,12
a1785371018920d7f64557c5,CAND_SHORT_CTX_SPIKE_GE2_ENTRY_DELAY_1,BTCUSDT,H1_H2_CONTEXT_M1_REPLAY,SHORT,2026-05-10T12:27:00+00:00,2026-05-10T12:28:00+00:00,80834.1,80877.35,FIXED_R_MULTIPLE_1.5_OR_EXPIRY_12_BARS,2026-05-10_to_2026-05-10_run_001,research/results/short_reclaim_timing_survival_diagnostic_trades_2026-05-03.csv,SPRINT03_CTX_GE2_ENTRY_DELAY_1_V1,1c1d7ec093a7986524148230e9472667fc6095c6dc1b6beca6ade2f45af9c4cf,ctx_spike_count>=2;entry_delay_1;no_future_labels,45e16dd5b6df39674709e77e,2026-05-10T12:26:00+00:00,2026-05-10T12:25:00+00:00,80877.35,80769.225,43.25,1.5,12
1b9934fb4e49cd81ded2b6ab,CAND_SHORT_CTX_SPIKE_GE2_ENTRY_DELAY_1,BTCUSDT,H1_H2_CONTEXT_M1_REPLAY,SHORT,2026-05-10T13:24:00+00:00,2026-05-10T13:25:00+00:00,80932.5,80939.5,FIXED_R_MULTIPLE_1.5_OR_EXPIRY_12_BARS,2026-05-10_to_2026-05-10_run_001,research/results/short_reclaim_timing_survival_diagnostic_trades_2026-05-03.csv,SPRINT03_CTX_GE2_ENTRY_DELAY_1_V1,052c13d66c08cd82c7bbd356edea30d69a2f2555c82bff1be13751c293babaa6,ctx_spike_count>=2;entry_delay_1;no_future_labels,8596ab5b0a28b1fd46c5890b,2026-05-10T13:23:00+00:00,2026-05-10T13:23:00+00:00,80939.5,80922.0,7.0,1.5,12
0475d719c35474c97a5455f8,CAND_SHORT_CTX_SPIKE_GE2_ENTRY_DELAY_1,BTCUSDT,H1_H2_CONTEXT_M1_REPLAY,SHORT,2026-05-10T22:30:00+00:00,2026-05-10T22:31:00+00:00,81462.8,81587.9,FIXED_R_MULTIPLE_1.5_OR_EXPIRY_12_BARS,2026-05-10_to_2026-05-10_run_001,research/results/short_reclaim_timing_survival_diagnostic_trades_2026-05-03.csv,SPRINT03_CTX_GE2_ENTRY_DELAY_1_V1,45979afe2281a70e78369640e7c3f3d3f5adfabcd3651b52e39c9dc1afbe6baf,ctx_spike_count>=2;entry_delay_1;no_future_labels,1166760267e193a72a8efb71,2026-05-10T22:29:00+00:00,2026-05-10T22:29:00+00:00,81587.9,81275.15,125.1,1.5,12
1b07fb5a0b20c33dc8c05e74,CAND_SHORT_CTX_SPIKE_GE2_ENTRY_DELAY_1,BTCUSDT,H1_H2_CONTEXT_M1_REPLAY,SHORT,2026-05-11T19:29:00+00:00,2026-05-11T19:30:00+00:00,81828.7,81929.6,FIXED_R_MULTIPLE_1.5_OR_EXPIRY_12_BARS,2026-05-11_to_2026-05-11_run_001,research/results/short_reclaim_timing_survival_diagnostic_trades_2026-05-03.csv,SPRINT03_CTX_GE2_ENTRY_DELAY_1_V1,a7dd3b0943960829fae67b7f0bcc04a014b99e5f204f4ba9ab0a8e6c7b074a97,ctx_spike_count>=2;entry_delay_1;no_future_labels,be94b017182d643b89d89fb0,2026-05-11T19:28:00+00:00,2026-05-11T19:24:00+00:00,81929.6,81677.35,100.9,1.5,12
24b4627225af41beeebd5dca,CAND_SHORT_CTX_SPIKE_GE2_ENTRY_DELAY_1,BTCUSDT,H1_H2_CONTEXT_M1_REPLAY,SHORT,2026-05-12T03:52:00+00:00,2026-05-12T03:53:00+00:00,81042.6,81048.08,FIXED_R_MULTIPLE_1.5_OR_EXPIRY_12_BARS,2026-05-12_to_2026-05-12_run_001,research/results/short_reclaim_timing_survival_diagnostic_trades_2026-05-03.csv,SPRINT03_CTX_GE2_ENTRY_DELAY_1_V1,62362e5213bd2c6661a7bc268795ae0ad8d3e3bb94ad35520966ab76da1152ea,ctx_spike_count>=2;entry_delay_1;no_future_labels,2392ac08a13cdbf5753bddb4,2026-05-12T03:51:00+00:00,2026-05-12T03:48:00+00:00,81048.08,81034.38,5.48,1.5,12
871986a947c419645b2e997c,CAND_SHORT_CTX_SPIKE_GE2_ENTRY_DELAY_1,BTCUSDT,H1_H2_CONTEXT_M1_REPLAY,SHORT,2026-05-12T07:17:00+00:00,2026-05-12T07:18:00+00:00,80974.3,80986.5,FIXED_R_MULTIPLE_1.5_OR_EXPIRY_12_BARS,2026-05-12_to_2026-05-12_run_001,research/results/short_reclaim_timing_survival_diagnostic_trades_2026-05-03.csv,SPRINT03_CTX_GE2_ENTRY_DELAY_1_V1,813ca776592638a251165f8bfaf7185646d450ce546c8517d90800a8a9873ad3,ctx_spike_count>=2;entry_delay_1;no_future_labels,5abb1674f5a8c8b65e83c8ee,2026-05-12T07:16:00+00:00,2026-05-12T07:12:00+00:00,80986.5,80956.0,12.2,1.5,12
d6bbf0f0b94f4579c9fc9f01,CAND_SHORT_CTX_SPIKE_GE2_ENTRY_DELAY_1,BTCUSDT,H1_H2_CONTEXT_M1_REPLAY,SHORT,2026-05-12T23:04:00+00:00,2026-05-12T23:05:00+00:00,80643.3,80652.05,FIXED_R_MULTIPLE_1.5_OR_EXPIRY_12_BARS,2026-05-12_to_2026-05-12_run_001,research/results/short_reclaim_timing_survival_diagnostic_trades_2026-05-03.csv,SPRINT03_CTX_GE2_ENTRY_DELAY_1_V1,dc00a6042197f023ced55fbfa2656eb988bd0cdaa51f71011b31f04db3f3191a,ctx_spike_count>=2;entry_delay_1;no_future_labels,de5802d42ff3c1a861132a17,2026-05-12T23:03:00+00:00,2026-05-12T23:02:00+00:00,80652.05,80630.175,8.75,1.5,12
83099478694578a2919a75ea,CAND_SHORT_CTX_SPIKE_GE2_ENTRY_DELAY_1,BTCUSDT,H1_H2_CONTEXT_M1_REPLAY,SHORT,2026-05-13T12:32:00+00:00,2026-05-13T12:33:00+00:00,80139.3,80201.15,FIXED_R_MULTIPLE_1.5_OR_EXPIRY_12_BARS,2026-05-13_to_2026-05-13_run_001,research/results/short_reclaim_timing_survival_diagnostic_trades_2026-05-03.csv,SPRINT03_CTX_GE2_ENTRY_DELAY_1_V1,82b773418a508fddcf1d7bee144e2c3993e30897217fdada34e94a9cb206be46,ctx_spike_count>=2;entry_delay_1;no_future_labels,93b4f244d6ef7485dba9bc5a,2026-05-13T12:31:00+00:00,2026-05-13T12:25:00+00:00,80201.15,80046.525,61.85,1.5,12
928f5b3662de9139ec19c37a,CAND_SHORT_CTX_SPIKE_GE2_ENTRY_DELAY_1,BTCUSDT,H1_H2_CONTEXT_M1_REPLAY,SHORT,2026-05-13T16:53:00+00:00,2026-05-13T16:54:00+00:00,79090.1,79138.7,FIXED_R_MULTIPLE_1.5_OR_EXPIRY_12_BARS,2026-05-13_to_2026-05-13_run_001,research/results/short_reclaim_timing_survival_diagnostic_trades_2026-05-03.csv,SPRINT03_CTX_GE2_ENTRY_DELAY_1_V1,9e43f6df5bdf35e7bd7fbddf801d64e270b46093aedeb59f9610830168ecb31e,ctx_spike_count>=2;entry_delay_1;no_future_labels,48c2f29243ece6cf299857ec,2026-05-13T16:52:00+00:00,2026-05-13T16:48:00+00:00,79138.7,79017.2,48.6,1.5,12
44c7848eea2ce1ee9e285da5,CAND_SHORT_CTX_SPIKE_GE2_ENTRY_DELAY_1,BTCUSDT,H1_H2_CONTEXT_M1_REPLAY,SHORT,2026-05-14T14:08:00+00:00,2026-05-14T14:09:00+00:00,79540.0,79644.72,FIXED_R_MULTIPLE_1.5_OR_EXPIRY_12_BARS,2026-05-14_to_2026-05-14_run_001,research/results/short_reclaim_timing_survival_diagnostic_trades_2026-05-03.csv,SPRINT03_CTX_GE2_ENTRY_DELAY_1_V1,372d982703e8d4bc184325b0825bcc1aa5e35be82f31d1fc7630d36d8fb84c17,ctx_spike_count>=2;entry_delay_1;no_future_labels,dec42ea02537b5098d5c5bc4,2026-05-14T14:07:00+00:00,2026-05-14T14:01:00+00:00,79644.72,79382.92,104.72,1.5,12
